no,cve_ent,year,valor,entidad,entidad_abr_m
1045,00,1950,28463441,Nacional,Nacional
1045,00,1951,29161024,Nacional,Nacional
1045,00,1952,29893469,Nacional,Nacional
1045,00,1953,30669402,Nacional,Nacional
1045,00,1954,31507175,Nacional,Nacional
1045,00,1955,32421555,Nacional,Nacional
1045,00,1956,33381410,Nacional,Nacional
1045,00,1957,34382245,Nacional,Nacional
1045,00,1958,35428062,Nacional,Nacional
1045,00,1959,36527873,Nacional,Nacional
1045,00,1960,37678427,Nacional,Nacional
1045,00,1961,38881128,Nacional,Nacional
1045,00,1962,40133786,Nacional,Nacional
1045,00,1963,41429336,Nacional,Nacional
1045,00,1964,42772209,Nacional,Nacional
1045,00,1965,44157094,Nacional,Nacional
1045,00,1966,45573114,Nacional,Nacional
1045,00,1967,47024169,Nacional,Nacional
1045,00,1968,48507808,Nacional,Nacional
1045,00,1969,50023146,Nacional,Nacional
1045,00,1970,51560567,Nacional,Nacional
1045,01,1970,361162,Aguascalientes,AGS
1045,02,1970,917327,Baja California,BC
1045,03,1970,135790,Baja California Sur,BCS
1045,04,1970,272385,Campeche,CAMP
1045,05,1970,1180162,Coahuila,COAH
1045,06,1970,255749,Colima,COL
1045,07,1970,1709417,Chiapas,CHPS
1045,08,1970,1698240,Chihuahua,CHIH
1045,09,1970,7336320,Ciudad de México,CDMX
1045,10,1970,990731,Durango,DGO
1045,11,1970,2414948,Guanajuato,GTO
1045,12,1970,1734823,Guerrero,GRO
1045,13,1970,1279615,Hidalgo,HGO
1045,14,1970,3523706,Jalisco,JAL
1045,15,1970,4124264,México,MEX
1045,16,1970,2491183,Michoacán,MICH
1045,17,1970,659232,Morelos,MOR
1045,18,1970,574724,Nayarit,NAY
1045,19,1970,1788560,Nuevo León,NL
1045,20,1970,2192362,Oaxaca,OAX
1045,21,1970,2722961,Puebla,PUE
1045,22,1970,519908,Querétaro,QRO
1045,23,1970,95721,Quintana Roo,QROO
1045,24,1970,1374018,San Luis Potosí,SLP
1045,25,1970,1335231,Sinaloa,SIN
1045,26,1970,1166037,Sonora,SON
1045,27,1970,814032,Tabasco,TAB
1045,28,1970,1537564,Tamaulipas,TAM
1045,29,1970,447729,Tlaxcala,TLAX
1045,30,1970,4085275,Veracruz,VER
1045,31,1970,819907,Yucatán,YUC
1045,32,1970,1001484,Zacatecas,ZAC
1045,00,1971,53133584,Nacional,Nacional
1045,01,1971,375681,Aguascalientes,AGS
1045,02,1971,944692,Baja California,BC
1045,03,1971,142537,Baja California Sur,BCS
1045,04,1971,285625,Campeche,CAMP
1045,05,1971,1216136,Coahuila,COAH
1045,06,1971,264532,Colima,COL
1045,07,1971,1753287,Chiapas,CHPS
1045,08,1971,1734964,Chihuahua,CHIH
1045,09,1971,7509052,Ciudad de México,CDMX
1045,10,1971,1012760,Durango,DGO
1045,11,1971,2478824,Guanajuato,GTO
1045,12,1971,1779929,Guerrero,GRO
1045,13,1971,1309655,Hidalgo,HGO
1045,14,1971,3619083,Jalisco,JAL
1045,15,1971,4413555,México,MEX
1045,16,1971,2542749,Michoacán,MICH
1045,17,1971,686122,Morelos,MOR
1045,18,1971,590446,Nayarit,NAY
1045,19,1971,1855132,Nuevo León,NL
1045,20,1971,2227100,Oaxaca,OAX
1045,21,1971,2795346,Puebla,PUE
1045,22,1971,540263,Querétaro,QRO
1045,23,1971,105751,Quintana Roo,QROO
1045,24,1971,1408158,San Luis Potosí,SLP
1045,25,1971,1383119,Sinaloa,SIN
1045,26,1971,1200649,Sonora,SON
1045,27,1971,838931,Tabasco,TAB
1045,28,1971,1578080,Tamaulipas,TAM
1045,29,1971,459263,Tlaxcala,TLAX
1045,30,1971,4217602,Veracruz,VER
1045,31,1971,844889,Yucatán,YUC
1045,32,1971,1019672,Zacatecas,ZAC
1045,00,1972,54758696,Nacional,Nacional
1045,01,1972,391243,Aguascalientes,AGS
1045,02,1972,972053,Baja California,BC
1045,03,1972,149752,Baja California Sur,BCS
1045,04,1972,299866,Campeche,CAMP
1045,05,1972,1253604,Coahuila,COAH
1045,06,1972,273713,Colima,COL
1045,07,1972,1797974,Chiapas,CHPS
1045,08,1972,1771088,Chihuahua,CHIH
1045,09,1972,7677940,Ciudad de México,CDMX
1045,10,1972,1034475,Durango,DGO
1045,11,1972,2545490,Guanajuato,GTO
1045,12,1972,1825874,Guerrero,GRO
1045,13,1972,1340299,Hidalgo,HGO
1045,14,1972,3716401,Jalisco,JAL
1045,15,1972,4728837,México,MEX
1045,16,1972,2594811,Michoacán,MICH
1045,17,1972,714396,Morelos,MOR
1045,18,1972,606473,Nayarit,NAY
1045,19,1972,1923804,Nuevo León,NL
1045,20,1972,2260626,Oaxaca,OAX
1045,21,1972,2870352,Puebla,PUE
1045,22,1972,562119,Querétaro,QRO
1045,23,1972,116946,Quintana Roo,QROO
1045,24,1972,1443384,San Luis Potosí,SLP
1045,25,1972,1432970,Sinaloa,SIN
1045,26,1972,1235960,Sonora,SON
1045,27,1972,864460,Tabasco,TAB
1045,28,1972,1618545,Tamaulipas,TAM
1045,29,1972,471302,Tlaxcala,TLAX
1045,30,1972,4354921,Veracruz,VER
1045,31,1972,871062,Yucatán,YUC
1045,32,1972,1037956,Zacatecas,ZAC
1045,00,1973,56414565,Nacional,Nacional
1045,01,1973,407355,Aguascalientes,AGS
1045,02,1973,999566,Baja California,BC
1045,03,1973,157262,Baja California Sur,BCS
1045,04,1973,314606,Campeche,CAMP
1045,05,1973,1292036,Coahuila,COAH
1045,06,1973,283137,Colima,COL
1045,07,1973,1843035,Chiapas,CHPS
1045,08,1973,1807496,Chihuahua,CHIH
1045,09,1973,7849693,Ciudad de México,CDMX
1045,10,1973,1056246,Durango,DGO
1045,11,1973,2611441,Guanajuato,GTO
1045,12,1973,1871918,Guerrero,GRO
1045,13,1973,1371200,Hidalgo,HGO
1045,14,1973,3815164,Jalisco,JAL
1045,15,1973,5058185,México,MEX
1045,16,1973,2646348,Michoacán,MICH
1045,17,1973,743552,Morelos,MOR
1045,18,1973,622759,Nayarit,NAY
1045,19,1973,1994696,Nuevo León,NL
1045,20,1973,2292827,Oaxaca,OAX
1045,21,1973,2945634,Puebla,PUE
1045,22,1973,584576,Querétaro,QRO
1045,23,1973,128682,Quintana Roo,QROO
1045,24,1973,1478751,San Luis Potosí,SLP
1045,25,1973,1484139,Sinaloa,SIN
1045,26,1973,1272000,Sonora,SON
1045,27,1973,890466,Tabasco,TAB
1045,28,1973,1659731,Tamaulipas,TAM
1045,29,1973,483214,Tlaxcala,TLAX
1045,30,1973,4495207,Veracruz,VER
1045,31,1973,897745,Yucatán,YUC
1045,32,1973,1055898,Zacatecas,ZAC
1045,00,1974,58097331,Nacional,Nacional
1045,01,1974,423963,Aguascalientes,AGS
1045,02,1974,1027166,Baja California,BC
1045,03,1974,165056,Baja California Sur,BCS
1045,04,1974,329815,Campeche,CAMP
1045,05,1974,1331213,Coahuila,COAH
1045,06,1974,292804,Colima,COL
1045,07,1974,1888201,Chiapas,CHPS
1045,08,1974,1843939,Chihuahua,CHIH
1045,09,1974,8022978,Ciudad de México,CDMX
1045,10,1974,1078555,Durango,DGO
1045,11,1974,2677448,Guanajuato,GTO
1045,12,1974,1917946,Guerrero,GRO
1045,13,1974,1401730,Hidalgo,HGO
1045,14,1974,3915834,Jalisco,JAL
1045,15,1974,5401111,México,MEX
1045,16,1974,2697151,Michoacán,MICH
1045,17,1974,773544,Morelos,MOR
1045,18,1974,639257,Nayarit,NAY
1045,19,1974,2067557,Nuevo León,NL
1045,20,1974,2323523,Oaxaca,OAX
1045,21,1974,3021015,Puebla,PUE
1045,22,1974,607339,Querétaro,QRO
1045,23,1974,140968,Quintana Roo,QROO
1045,24,1974,1514125,San Luis Potosí,SLP
1045,25,1974,1536428,Sinaloa,SIN
1045,26,1974,1308630,Sonora,SON
1045,27,1974,916904,Tabasco,TAB
1045,28,1974,1701446,Tamaulipas,TAM
1045,29,1974,495231,Tlaxcala,TLAX
1045,30,1974,4638172,Veracruz,VER
1045,31,1974,924868,Yucatán,YUC
1045,32,1974,1073414,Zacatecas,ZAC
1045,00,1975,59792538,Nacional,Nacional
1045,01,1975,440897,Aguascalientes,AGS
1045,02,1975,1054575,Baja California,BC
1045,03,1975,172969,Baja California Sur,BCS
1045,04,1975,345310,Campeche,CAMP
1045,05,1975,1370722,Coahuila,COAH
1045,06,1975,302569,Colima,COL
1045,07,1975,1932564,Chiapas,CHPS
1045,08,1975,1879877,Chihuahua,CHIH
1045,09,1975,8199978,Ciudad de México,CDMX
1045,10,1975,1100506,Durango,DGO
1045,11,1975,2744962,Guanajuato,GTO
1045,12,1975,1963818,Guerrero,GRO
1045,13,1975,1432047,Hidalgo,HGO
1045,14,1975,4016640,Jalisco,JAL
1045,15,1975,5751320,México,MEX
1045,16,1975,2746365,Michoacán,MICH
1045,17,1975,804105,Morelos,MOR
1045,18,1975,655773,Nayarit,NAY
1045,19,1975,2141527,Nuevo León,NL
1045,20,1975,2352518,Oaxaca,OAX
1045,21,1975,3095976,Puebla,PUE
1045,22,1975,630388,Querétaro,QRO
1045,23,1975,153505,Quintana Roo,QROO
1045,24,1975,1549456,San Luis Potosí,SLP
1045,25,1975,1589422,Sinaloa,SIN
1045,26,1975,1345397,Sonora,SON
1045,27,1975,943477,Tabasco,TAB
1045,28,1975,1743179,Tamaulipas,TAM
1045,29,1975,507490,Tlaxcala,TLAX
1045,30,1975,4782546,Veracruz,VER
1045,31,1975,952330,Yucatán,YUC
1045,32,1975,1090330,Zacatecas,ZAC
1045,00,1976,61476071,Nacional,Nacional
1045,01,1976,458005,Aguascalientes,AGS
1045,02,1976,1081578,Baja California,BC
1045,03,1976,181053,Baja California Sur,BCS
1045,04,1976,361064,Campeche,CAMP
1045,05,1976,1410086,Coahuila,COAH
1045,06,1976,312337,Colima,COL
1045,07,1976,1976490,Chiapas,CHPS
1045,08,1976,1914579,Chihuahua,CHIH
1045,09,1976,8373187,Ciudad de México,CDMX
1045,10,1976,1121720,Durango,DGO
1045,11,1976,2811188,Guanajuato,GTO
1045,12,1976,2008337,Guerrero,GRO
1045,13,1976,1462140,Hidalgo,HGO
1045,14,1976,4116309,Jalisco,JAL
1045,15,1976,6111630,México,MEX
1045,16,1976,2792259,Michoacán,MICH
1045,17,1976,835008,Morelos,MOR
1045,18,1976,672037,Nayarit,NAY
1045,19,1976,2216014,Nuevo León,NL
1045,20,1976,2378800,Oaxaca,OAX
1045,21,1976,3168628,Puebla,PUE
1045,22,1976,653907,Querétaro,QRO
1045,23,1976,166513,Quintana Roo,QROO
1045,24,1976,1582958,San Luis Potosí,SLP
1045,25,1976,1642522,Sinaloa,SIN
1045,26,1976,1381840,Sonora,SON
1045,27,1976,969807,Tabasco,TAB
1045,28,1976,1784225,Tamaulipas,TAM
1045,29,1976,519501,Tlaxcala,TLAX
1045,30,1976,4926491,Veracruz,VER
1045,31,1976,979658,Yucatán,YUC
1045,32,1976,1106200,Zacatecas,ZAC
1045,00,1977,63139218,Nacional,Nacional
1045,01,1977,475241,Aguascalientes,AGS
1045,02,1977,1108221,Baja California,BC
1045,03,1977,189354,Baja California Sur,BCS
1045,04,1977,377145,Campeche,CAMP
1045,05,1977,1449133,Coahuila,COAH
1045,06,1977,322144,Colima,COL
1045,07,1977,2020170,Chiapas,CHPS
1045,08,1977,1947728,Chihuahua,CHIH
1045,09,1977,8537180,Ciudad de México,CDMX
1045,10,1977,1142025,Durango,DGO
1045,11,1977,2875766,Guanajuato,GTO
1045,12,1977,2050625,Guerrero,GRO
1045,13,1977,1491199,Hidalgo,HGO
1045,14,1977,4213745,Jalisco,JAL
1045,15,1977,6486002,México,MEX
1045,16,1977,2835982,Michoacán,MICH
1045,17,1977,866205,Morelos,MOR
1045,18,1977,687947,Nayarit,NAY
1045,19,1977,2290896,Nuevo León,NL
1045,20,1977,2400425,Oaxaca,OAX
1045,21,1977,3238679,Puebla,PUE
1045,22,1977,677675,Querétaro,QRO
1045,23,1977,180164,Quintana Roo,QROO
1045,24,1977,1615212,San Luis Potosí,SLP
1045,25,1977,1695495,Sinaloa,SIN
1045,26,1977,1417862,Sonora,SON
1045,27,1977,995748,Tabasco,TAB
1045,28,1977,1824280,Tamaulipas,TAM
1045,29,1977,531236,Tlaxcala,TLAX
1045,30,1977,5069335,Veracruz,VER
1045,31,1977,1006559,Yucatán,YUC
1045,32,1977,1119840,Zacatecas,ZAC
1045,00,1978,64788304,Nacional,Nacional
1045,01,1978,492548,Aguascalientes,AGS
1045,02,1978,1134847,Baja California,BC
1045,03,1978,197791,Baja California Sur,BCS
1045,04,1978,393441,Campeche,CAMP
1045,05,1978,1487807,Coahuila,COAH
1045,06,1978,331902,Colima,COL
1045,07,1978,2062792,Chiapas,CHPS
1045,08,1978,1979359,Chihuahua,CHIH
1045,09,1978,8696633,Ciudad de México,CDMX
1045,10,1978,1161391,Durango,DGO
1045,11,1978,2938709,Guanajuato,GTO
1045,12,1978,2092221,Guerrero,GRO
1045,13,1978,1519094,Hidalgo,HGO
1045,14,1978,4308929,Jalisco,JAL
1045,15,1978,6869147,México,MEX
1045,16,1978,2878437,Michoacán,MICH
1045,17,1978,897590,Morelos,MOR
1045,18,1978,703505,Nayarit,NAY
1045,19,1978,2366121,Nuevo León,NL
1045,20,1978,2419164,Oaxaca,OAX
1045,21,1978,3307878,Puebla,PUE
1045,22,1978,701535,Querétaro,QRO
1045,23,1978,194254,Quintana Roo,QROO
1045,24,1978,1647489,San Luis Potosí,SLP
1045,25,1978,1748333,Sinaloa,SIN
1045,26,1978,1453387,Sonora,SON
1045,27,1978,1021301,Tabasco,TAB
1045,28,1978,1863370,Tamaulipas,TAM
1045,29,1978,542695,Tlaxcala,TLAX
1045,30,1978,5211148,Veracruz,VER
1045,31,1978,1033174,Yucatán,YUC
1045,32,1978,1132312,Zacatecas,ZAC
1045,00,1979,66431403,Nacional,Nacional
1045,01,1979,509979,Aguascalientes,AGS
1045,02,1979,1161912,Baja California,BC
1045,03,1979,206392,Baja California Sur,BCS
1045,04,1979,410025,Campeche,CAMP
1045,05,1979,1526391,Coahuila,COAH
1045,06,1979,341627,Colima,COL
1045,07,1979,2104616,Chiapas,CHPS
1045,08,1979,2009767,Chihuahua,CHIH
1045,09,1979,8852608,Ciudad de México,CDMX
1045,10,1979,1179978,Durango,DGO
1045,11,1979,3000317,Guanajuato,GTO
1045,12,1979,2133813,Guerrero,GRO
1045,13,1979,1545978,Hidalgo,HGO
1045,14,1979,4402209,Jalisco,JAL
1045,15,1979,7261520,México,MEX
1045,16,1979,2918662,Michoacán,MICH
1045,17,1979,929253,Morelos,MOR
1045,18,1979,718756,Nayarit,NAY
1045,19,1979,2442110,Nuevo León,NL
1045,20,1979,2436656,Oaxaca,OAX
1045,21,1979,3376487,Puebla,PUE
1045,22,1979,725534,Querétaro,QRO
1045,23,1979,208840,Quintana Roo,QROO
1045,24,1979,1678919,San Luis Potosí,SLP
1045,25,1979,1801309,Sinaloa,SIN
1045,26,1979,1488681,Sonora,SON
1045,27,1979,1046601,Tabasco,TAB
1045,28,1979,1901787,Tamaulipas,TAM
1045,29,1979,553927,Tlaxcala,TLAX
1045,30,1979,5352392,Veracruz,VER
1045,31,1979,1059624,Yucatán,YUC
1045,32,1979,1144733,Zacatecas,ZAC
1045,00,1980,68072118,Nacional,Nacional
1045,01,1980,528402,Aguascalientes,AGS
1045,02,1980,1195693,Baja California,BC
1045,03,1980,215559,Baja California Sur,BCS
1045,04,1980,425515,Campeche,CAMP
1045,05,1980,1566812,Coahuila,COAH
1045,06,1980,351200,Colima,COL
1045,07,1980,2164464,Chiapas,CHPS
1045,08,1980,2044907,Chihuahua,CHIH
1045,09,1980,8960023,Ciudad de México,CDMX
1045,10,1980,1198946,Durango,DGO
1045,11,1980,3072923,Guanajuato,GTO
1045,12,1980,2179226,Guerrero,GRO
1045,13,1980,1575908,Hidalgo,HGO
1045,14,1980,4498784,Jalisco,JAL
1045,15,1980,7619093,México,MEX
1045,16,1980,2968103,Michoacán,MICH
1045,17,1980,959974,Morelos,MOR
1045,18,1980,733225,Nayarit,NAY
1045,19,1980,2516119,Nuevo León,NL
1045,20,1980,2467190,Oaxaca,OAX
1045,21,1980,3450129,Puebla,PUE
1045,22,1980,751940,Querétaro,QRO
1045,23,1980,226560,Quintana Roo,QROO
1045,24,1980,1712055,San Luis Potosí,SLP
1045,25,1980,1851220,Sinaloa,SIN
1045,26,1980,1523995,Sonora,SON
1045,27,1980,1077036,Tabasco,TAB
1045,28,1980,1940259,Tamaulipas,TAM
1045,29,1980,568014,Tlaxcala,TLAX
1045,30,1980,5482746,Veracruz,VER
1045,31,1980,1087444,Yucatán,YUC
1045,32,1980,1158654,Zacatecas,ZAC
1045,00,1981,69715468,Nacional,Nacional
1045,01,1981,548449,Aguascalientes,AGS
1045,02,1981,1240192,Baja California,BC
1045,03,1981,225598,Baja California Sur,BCS
1045,04,1981,438803,Campeche,CAMP
1045,05,1981,1611025,Coahuila,COAH
1045,06,1981,360452,Colima,COL
1045,07,1981,2257421,Chiapas,CHPS
1045,08,1981,2089110,Chihuahua,CHIH
1045,09,1981,8986452,Ciudad de México,CDMX
1045,10,1981,1219538,Durango,DGO
1045,11,1981,3166628,Guanajuato,GTO
1045,12,1981,2232364,Guerrero,GRO
1045,13,1981,1612206,Hidalgo,HGO
1045,14,1981,4602864,Jalisco,JAL
1045,15,1981,7901275,México,MEX
1045,16,1981,3035977,Michoacán,MICH
1045,17,1981,988463,Morelos,MOR
1045,18,1981,746603,Nayarit,NAY
1045,19,1981,2586172,Nuevo León,NL
1045,20,1981,2523769,Oaxaca,OAX
1045,21,1981,3534406,Puebla,PUE
1045,22,1981,782615,Querétaro,QRO
1045,23,1981,249287,Quintana Roo,QROO
1045,24,1981,1749016,San Luis Potosí,SLP
1045,25,1981,1895869,Sinaloa,SIN
1045,26,1981,1559662,Sonora,SON
1045,27,1981,1117006,Tabasco,TAB
1045,28,1981,1979371,Tamaulipas,TAM
1045,29,1981,587512,Tlaxcala,TLAX
1045,30,1981,5593072,Veracruz,VER
1045,31,1981,1117870,Yucatán,YUC
1045,32,1981,1176421,Zacatecas,ZAC
1045,00,1982,71369508,Nacional,Nacional
1045,01,1982,569398,Aguascalientes,AGS
1045,02,1982,1290131,Baja California,BC
1045,03,1982,236180,Baja California Sur,BCS
1045,04,1982,451283,Campeche,CAMP
1045,05,1982,1657869,Coahuila,COAH
1045,06,1982,369574,Colima,COL
1045,07,1982,2367498,Chiapas,CHPS
1045,08,1982,2137707,Chihuahua,CHIH
1045,09,1982,8972564,Ciudad de México,CDMX
1045,10,1982,1240979,Durango,DGO
1045,11,1982,3271308,Guanajuato,GTO
1045,12,1982,2289560,Guerrero,GRO
1045,13,1982,1651621,Hidalgo,HGO
1045,14,1982,4710730,Jalisco,JAL
1045,15,1982,8148649,México,MEX
1045,16,1982,3112862,Michoacán,MICH
1045,17,1982,1015974,Morelos,MOR
1045,18,1982,759467,Nayarit,NAY
1045,19,1982,2655062,Nuevo León,NL
1045,20,1982,2593187,Oaxaca,OAX
1045,21,1982,3624510,Puebla,PUE
1045,22,1982,815689,Querétaro,QRO
1045,23,1982,274878,Quintana Roo,QROO
1045,24,1982,1787883,San Luis Potosí,SLP
1045,25,1982,1938743,Sinaloa,SIN
1045,26,1982,1595932,Sonora,SON
1045,27,1982,1162086,Tabasco,TAB
1045,28,1982,2019043,Tamaulipas,TAM
1045,29,1982,609819,Tlaxcala,TLAX
1045,30,1982,5693487,Veracruz,VER
1045,31,1982,1149896,Yucatán,YUC
1045,32,1982,1195939,Zacatecas,ZAC
1045,00,1983,73034559,Nacional,Nacional
1045,01,1983,590749,Aguascalientes,AGS
1045,02,1983,1341966,Baja California,BC
1045,03,1983,247063,Baja California Sur,BCS
1045,04,1983,463999,Campeche,CAMP
1045,05,1983,1705732,Coahuila,COAH
1045,06,1983,378746,Colima,COL
1045,07,1983,2481446,Chiapas,CHPS
1045,08,1983,2187108,Chihuahua,CHIH
1045,09,1983,8946602,Ciudad de México,CDMX
1045,10,1983,1262337,Durango,DGO
1045,11,1983,3378140,Guanajuato,GTO
1045,12,1983,2347455,Guerrero,GRO
1045,13,1983,1691095,Hidalgo,HGO
1045,14,1983,4819042,Jalisco,JAL
1045,15,1983,8399359,México,MEX
1045,16,1983,3190764,Michoacán,MICH
1045,17,1983,1043746,Morelos,MOR
1045,18,1983,772157,Nayarit,NAY
1045,19,1983,2724437,Nuevo León,NL
1045,20,1983,2664082,Oaxaca,OAX
1045,21,1983,3715399,Puebla,PUE
1045,22,1983,849618,Querétaro,QRO
1045,23,1983,301703,Quintana Roo,QROO
1045,24,1983,1826762,San Luis Potosí,SLP
1045,25,1983,1982044,Sinaloa,SIN
1045,26,1983,1632592,Sonora,SON
1045,27,1983,1208458,Tabasco,TAB
1045,28,1983,2058843,Tamaulipas,TAM
1045,29,1983,632617,Tlaxcala,TLAX
1045,30,1983,5792764,Veracruz,VER
1045,31,1983,1182597,Yucatán,YUC
1045,32,1983,1215137,Zacatecas,ZAC
1045,00,1984,74707346,Nacional,Nacional
1045,01,1984,612513,Aguascalientes,AGS
1045,02,1984,1395314,Baja California,BC
1045,03,1984,258257,Baja California Sur,BCS
1045,04,1984,476948,Campeche,CAMP
1045,05,1984,1754373,Coahuila,COAH
1045,06,1984,387959,Colima,COL
1045,07,1984,2598508,Chiapas,CHPS
1045,08,1984,2237048,Chihuahua,CHIH
1045,09,1984,8909640,Ciudad de México,CDMX
1045,10,1984,1283637,Durango,DGO
1045,11,1984,3486591,Guanajuato,GTO
1045,12,1984,2405665,Guerrero,GRO
1045,13,1984,1730254,Hidalgo,HGO
1045,14,1984,4927889,Jalisco,JAL
1045,15,1984,8655072,México,MEX
1045,16,1984,3269253,Michoacán,MICH
1045,17,1984,1071715,Morelos,MOR
1045,18,1984,784711,Nayarit,NAY
1045,19,1984,2794189,Nuevo León,NL
1045,20,1984,2735826,Oaxaca,OAX
1045,21,1984,3806491,Puebla,PUE
1045,22,1984,884296,Querétaro,QRO
1045,23,1984,329621,Quintana Roo,QROO
1045,24,1984,1865446,San Luis Potosí,SLP
1045,25,1984,2025553,Sinaloa,SIN
1045,26,1984,1669398,Sonora,SON
1045,27,1984,1255886,Tabasco,TAB
1045,28,1984,2098565,Tamaulipas,TAM
1045,29,1984,655748,Tlaxcala,TLAX
1045,30,1984,5891107,Veracruz,VER
1045,31,1984,1215959,Yucatán,YUC
1045,32,1984,1233914,Zacatecas,ZAC
1045,00,1985,76375259,Nacional,Nacional
1045,01,1985,634686,Aguascalientes,AGS
1045,02,1985,1450232,Baja California,BC
1045,03,1985,269739,Baja California Sur,BCS
1045,04,1985,490058,Campeche,CAMP
1045,05,1985,1803353,Coahuila,COAH
1045,06,1985,397283,Colima,COL
1045,07,1985,2718414,Chiapas,CHPS
1045,08,1985,2287312,Chihuahua,CHIH
1045,09,1985,8857453,Ciudad de México,CDMX
1045,10,1985,1304709,Durango,DGO
1045,11,1985,3596038,Guanajuato,GTO
1045,12,1985,2463486,Guerrero,GRO
1045,13,1985,1768697,Hidalgo,HGO
1045,14,1985,5036735,Jalisco,JAL
1045,15,1985,8916163,México,MEX
1045,16,1985,3348497,Michoacán,MICH
1045,17,1985,1099819,Morelos,MOR
1045,18,1985,797048,Nayarit,NAY
1045,19,1985,2863725,Nuevo León,NL
1045,20,1985,2808015,Oaxaca,OAX
1045,21,1985,3896729,Puebla,PUE
1045,22,1985,919786,Querétaro,QRO
1045,23,1985,358682,Quintana Roo,QROO
1045,24,1985,1903318,San Luis Potosí,SLP
1045,25,1985,2068705,Sinaloa,SIN
1045,26,1985,1705973,Sonora,SON
1045,27,1985,1304218,Tabasco,TAB
1045,28,1985,2137906,Tamaulipas,TAM
1045,29,1985,679077,Tlaxcala,TLAX
1045,30,1985,5987485,Veracruz,VER
1045,31,1985,1249803,Yucatán,YUC
1045,32,1985,1252115,Zacatecas,ZAC
1045,00,1986,78028665,Nacional,Nacional
1045,01,1986,657231,Aguascalientes,AGS
1045,02,1986,1505677,Baja California,BC
1045,03,1986,281434,Baja California Sur,BCS
1045,04,1986,503207,Campeche,CAMP
1045,05,1986,1852357,Coahuila,COAH
1045,06,1986,406561,Colima,COL
1045,07,1986,2840730,Chiapas,CHPS
1045,08,1986,2337440,Chihuahua,CHIH
1045,09,1986,8792733,Ciudad de México,CDMX
1045,10,1986,1325543,Durango,DGO
1045,11,1986,3706217,Guanajuato,GTO
1045,12,1986,2520734,Guerrero,GRO
1045,13,1986,1806162,Hidalgo,HGO
1045,14,1986,5145697,Jalisco,JAL
1045,15,1986,9179565,México,MEX
1045,16,1986,3427548,Michoacán,MICH
1045,17,1986,1127573,Morelos,MOR
1045,18,1986,809035,Nayarit,NAY
1045,19,1986,2932618,Nuevo León,NL
1045,20,1986,2880466,Oaxaca,OAX
1045,21,1986,3985507,Puebla,PUE
1045,22,1986,955812,Querétaro,QRO
1045,23,1986,388576,Quintana Roo,QROO
1045,24,1986,1940322,San Luis Potosí,SLP
1045,25,1986,2110916,Sinaloa,SIN
1045,26,1986,1741970,Sonora,SON
1045,27,1986,1353282,Tabasco,TAB
1045,28,1986,2176549,Tamaulipas,TAM
1045,29,1986,702397,Tlaxcala,TLAX
1045,30,1986,6081224,Veracruz,VER
1045,31,1986,1284025,Yucatán,YUC
1045,32,1986,1269557,Zacatecas,ZAC
1045,00,1987,79665004,Nacional,Nacional
1045,01,1987,680114,Aguascalientes,AGS
1045,02,1987,1560841,Baja California,BC
1045,03,1987,293269,Baja California Sur,BCS
1045,04,1987,516326,Campeche,CAMP
1045,05,1987,1901327,Coahuila,COAH
1045,06,1987,415667,Colima,COL
1045,07,1987,2965235,Chiapas,CHPS
1045,08,1987,2387091,Chihuahua,CHIH
1045,09,1987,8718524,Ciudad de México,CDMX
1045,10,1987,1346121,Durango,DGO
1045,11,1987,3817237,Guanajuato,GTO
1045,12,1987,2577507,Guerrero,GRO
1045,13,1987,1842861,Hidalgo,HGO
1045,14,1987,5254943,Jalisco,JAL
1045,15,1987,9442612,México,MEX
1045,16,1987,3505653,Michoacán,MICH
1045,17,1987,1154738,Morelos,MOR
1045,18,1987,820609,Nayarit,NAY
1045,19,1987,3000966,Nuevo León,NL
1045,20,1987,2953072,Oaxaca,OAX
1045,21,1987,4072843,Puebla,PUE
1045,22,1987,992144,Querétaro,QRO
1045,23,1987,419116,Quintana Roo,QROO
1045,24,1987,1976701,San Luis Potosí,SLP
1045,25,1987,2151971,Sinaloa,SIN
1045,26,1987,1777340,Sonora,SON
1045,27,1987,1403047,Tabasco,TAB
1045,28,1987,2214386,Tamaulipas,TAM
1045,29,1987,725663,Tlaxcala,TLAX
1045,30,1987,6172458,Veracruz,VER
1045,31,1987,1318521,Yucatán,YUC
1045,32,1987,1286101,Zacatecas,ZAC
1045,00,1988,81282371,Nacional,Nacional
1045,01,1988,703332,Aguascalientes,AGS
1045,02,1988,1616184,Baja California,BC
1045,03,1988,305282,Baja California Sur,BCS
1045,04,1988,529407,Campeche,CAMP
1045,05,1988,1950235,Coahuila,COAH
1045,06,1988,424755,Colima,COL
1045,07,1988,3091758,Chiapas,CHPS
1045,08,1988,2436354,Chihuahua,CHIH
1045,09,1988,8631272,Ciudad de México,CDMX
1045,10,1988,1366224,Durango,DGO
1045,11,1988,3928820,Guanajuato,GTO
1045,12,1988,2633565,Guerrero,GRO
1045,13,1988,1879296,Hidalgo,HGO
1045,14,1988,5363386,Jalisco,JAL
1045,15,1988,9705965,México,MEX
1045,16,1988,3583228,Michoacán,MICH
1045,17,1988,1181780,Morelos,MOR
1045,18,1988,831790,Nayarit,NAY
1045,19,1988,3069108,Nuevo León,NL
1045,20,1988,3025360,Oaxaca,OAX
1045,21,1988,4159009,Puebla,PUE
1045,22,1988,1028815,Querétaro,QRO
1045,23,1988,450438,Quintana Roo,QROO
1045,24,1988,2012384,San Luis Potosí,SLP
1045,25,1988,2192220,Sinaloa,SIN
1045,26,1988,1812299,Sonora,SON
1045,27,1988,1453537,Tabasco,TAB
1045,28,1988,2251547,Tamaulipas,TAM
1045,29,1988,749058,Tlaxcala,TLAX
1045,30,1988,6261169,Veracruz,VER
1045,31,1988,1353027,Yucatán,YUC
1045,32,1988,1301767,Zacatecas,ZAC
1045,00,1989,82889981,Nacional,Nacional
1045,01,1989,727003,Aguascalientes,AGS
1045,02,1989,1671850,Baja California,BC
1045,03,1989,317497,Baja California Sur,BCS
1045,04,1989,542478,Campeche,CAMP
1045,05,1989,1999259,Coahuila,COAH
1045,06,1989,433882,Colima,COL
1045,07,1989,3220251,Chiapas,CHPS
1045,08,1989,2485341,Chihuahua,CHIH
1045,09,1989,8533199,Ciudad de México,CDMX
1045,10,1989,1385729,Durango,DGO
1045,11,1989,4041231,Guanajuato,GTO
1045,12,1989,2689260,Guerrero,GRO
1045,13,1989,1916220,Hidalgo,HGO
1045,14,1989,5470695,Jalisco,JAL
1045,15,1989,9969914,México,MEX
1045,16,1989,3660290,Michoacán,MICH
1045,17,1989,1209093,Morelos,MOR
1045,18,1989,842700,Nayarit,NAY
1045,19,1989,3137556,Nuevo León,NL
1045,20,1989,3097185,Oaxaca,OAX
1045,21,1989,4245006,Puebla,PUE
1045,22,1989,1065790,Querétaro,QRO
1045,23,1989,482594,Quintana Roo,QROO
1045,24,1989,2047868,San Luis Potosí,SLP
1045,25,1989,2232282,Sinaloa,SIN
1045,26,1989,1847370,Sonora,SON
1045,27,1989,1504909,Tabasco,TAB
1045,28,1989,2288448,Tamaulipas,TAM
1045,29,1989,772762,Tlaxcala,TLAX
1045,30,1989,6348180,Veracruz,VER
1045,31,1989,1387473,Yucatán,YUC
1045,32,1989,1316666,Zacatecas,ZAC
1045,00,1990,84502988,Nacional,Nacional
1045,01,1990,750856,Aguascalientes,AGS
1045,02,1990,1735043,Baja California,BC
1045,03,1990,328819,Baja California Sur,BCS
1045,04,1990,557351,Campeche,CAMP
1045,05,1990,2042250,Coahuila,COAH
1045,06,1990,443360,Colima,COL
1045,07,1990,3322958,Chiapas,CHPS
1045,08,1990,2538242,Chihuahua,CHIH
1045,09,1990,8485531,Ciudad de México,CDMX
1045,10,1990,1403415,Durango,DGO
1045,11,1990,4137393,Guanajuato,GTO
1045,12,1990,2740528,Guerrero,GRO
1045,13,1990,1953045,Hidalgo,HGO
1045,14,1990,5579963,Jalisco,JAL
1045,15,1990,10253144,México,MEX
1045,16,1990,3727566,Michoacán,MICH
1045,17,1990,1241502,Morelos,MOR
1045,18,1990,854041,Nayarit,NAY
1045,19,1990,3208410,Nuevo León,NL
1045,20,1990,3153088,Oaxaca,OAX
1045,21,1990,4328841,Puebla,PUE
1045,22,1990,1101195,Querétaro,QRO
1045,23,1990,516230,Quintana Roo,QROO
1045,24,1990,2082161,San Luis Potosí,SLP
1045,25,1990,2271127,Sinaloa,SIN
1045,26,1990,1885900,Sonora,SON
1045,27,1990,1552821,Tabasco,TAB
1045,28,1990,2329201,Tamaulipas,TAM
1045,29,1990,795115,Tlaxcala,TLAX
1045,30,1990,6433250,Veracruz,VER
1045,31,1990,1421233,Yucatán,YUC
1045,32,1990,1329409,Zacatecas,ZAC
1045,00,1991,86127477,Nacional,Nacional
1045,01,1991,774794,Aguascalientes,AGS
1045,02,1991,1807719,Baja California,BC
1045,03,1991,338829,Baja California Sur,BCS
1045,04,1991,574638,Campeche,CAMP
1045,05,1991,2076781,Coahuila,COAH
1045,06,1991,453420,Colima,COL
1045,07,1991,3391579,Chiapas,CHPS
1045,08,1991,2595706,Chihuahua,CHIH
1045,09,1991,8505567,Ciudad de México,CDMX
1045,10,1991,1418394,Durango,DGO
1045,11,1991,4211764,Guanajuato,GTO
1045,12,1991,2786492,Guerrero,GRO
1045,13,1991,1990230,Hidalgo,HGO
1045,14,1991,5691780,Jalisco,JAL
1045,15,1991,10561726,México,MEX
1045,16,1991,3782550,Michoacán,MICH
1045,17,1991,1281003,Morelos,MOR
1045,18,1991,865996,Nayarit,NAY
1045,19,1991,3282300,Nuevo León,NL
1045,20,1991,3188670,Oaxaca,OAX
1045,21,1991,4411075,Puebla,PUE
1045,22,1991,1134369,Querétaro,QRO
1045,23,1991,551595,Quintana Roo,QROO
1045,24,1991,2114998,San Luis Potosí,SLP
1045,25,1991,2308525,Sinaloa,SIN
1045,26,1991,1928811,Sonora,SON
1045,27,1991,1596233,Tabasco,TAB
1045,28,1991,2374748,Tamaulipas,TAM
1045,29,1991,815754,Tlaxcala,TLAX
1045,30,1991,6517804,Veracruz,VER
1045,31,1991,1454112,Yucatán,YUC
1045,32,1991,1339515,Zacatecas,ZAC
1045,00,1992,87753131,Nacional,Nacional
1045,01,1992,798983,Aguascalientes,AGS
1045,02,1992,1883269,Baja California,BC
1045,03,1992,348614,Baja California Sur,BCS
1045,04,1992,592585,Campeche,CAMP
1045,05,1992,2108789,Coahuila,COAH
1045,06,1992,463844,Colima,COL
1045,07,1992,3451963,Chiapas,CHPS
1045,08,1992,2653724,Chihuahua,CHIH
1045,09,1992,8537054,Ciudad de México,CDMX
1045,10,1992,1431598,Durango,DGO
1045,11,1992,4280389,Guanajuato,GTO
1045,12,1992,2831177,Guerrero,GRO
1045,13,1992,2028821,Hidalgo,HGO
1045,14,1992,5802538,Jalisco,JAL
1045,15,1992,10877364,México,MEX
1045,16,1992,3833635,Michoacán,MICH
1045,17,1992,1323510,Morelos,MOR
1045,18,1992,877887,Nayarit,NAY
1045,19,1992,3357998,Nuevo León,NL
1045,20,1992,3218151,Oaxaca,OAX
1045,21,1992,4494336,Puebla,PUE
1045,22,1992,1166962,Querétaro,QRO
1045,23,1992,588073,Quintana Roo,QROO
1045,24,1992,2147622,San Luis Potosí,SLP
1045,25,1992,2346059,Sinaloa,SIN
1045,26,1992,1973434,Sonora,SON
1045,27,1992,1639207,Tabasco,TAB
1045,28,1992,2421450,Tamaulipas,TAM
1045,29,1992,836372,Tlaxcala,TLAX
1045,30,1992,6602904,Veracruz,VER
1045,31,1992,1486432,Yucatán,YUC
1045,32,1992,1348387,Zacatecas,ZAC
1045,00,1993,89364560,Nacional,Nacional
1045,01,1993,823342,Aguascalientes,AGS
1045,02,1993,1959949,Baja California,BC
1045,03,1993,358459,Baja California Sur,BCS
1045,04,1993,610510,Campeche,CAMP
1045,05,1993,2140131,Coahuila,COAH
1045,06,1993,474354,Colima,COL
1045,07,1993,3510780,Chiapas,CHPS
1045,08,1993,2711402,Chihuahua,CHIH
1045,09,1993,8564878,Ciudad de México,CDMX
1045,10,1993,1443600,Durango,DGO
1045,11,1993,4347392,Guanajuato,GTO
1045,12,1993,2875265,Guerrero,GRO
1045,13,1993,2067997,Hidalgo,HGO
1045,14,1993,5910936,Jalisco,JAL
1045,15,1993,11193590,México,MEX
1045,16,1993,3882339,Michoacán,MICH
1045,17,1993,1367153,Morelos,MOR
1045,18,1993,889353,Nayarit,NAY
1045,19,1993,3434963,Nuevo León,NL
1045,20,1993,3245113,Oaxaca,OAX
1045,21,1993,4577466,Puebla,PUE
1045,22,1993,1199420,Querétaro,QRO
1045,23,1993,625351,Quintana Roo,QROO
1045,24,1993,2179958,San Luis Potosí,SLP
1045,25,1993,2383706,Sinaloa,SIN
1045,26,1993,2018744,Sonora,SON
1045,27,1993,1682280,Tabasco,TAB
1045,28,1993,2468183,Tamaulipas,TAM
1045,29,1993,857180,Tlaxcala,TLAX
1045,30,1993,6686347,Veracruz,VER
1045,31,1993,1517996,Yucatán,YUC
1045,32,1993,1356423,Zacatecas,ZAC
1045,00,1994,90953505,Nacional,Nacional
1045,01,1994,847751,Aguascalientes,AGS
1045,02,1994,2037692,Baja California,BC
1045,03,1994,368345,Baja California Sur,BCS
1045,04,1994,628350,Campeche,CAMP
1045,05,1994,2170685,Coahuila,COAH
1045,06,1994,484794,Colima,COL
1045,07,1994,3568658,Chiapas,CHPS
1045,08,1994,2768489,Chihuahua,CHIH
1045,09,1994,8588560,Ciudad de México,CDMX
1045,10,1994,1454382,Durango,DGO
1045,11,1994,4412605,Guanajuato,GTO
1045,12,1994,2918688,Guerrero,GRO
1045,13,1994,2106928,Hidalgo,HGO
1045,14,1994,6016776,Jalisco,JAL
1045,15,1994,11510838,México,MEX
1045,16,1994,3928745,Michoacán,MICH
1045,17,1994,1411228,Morelos,MOR
1045,18,1994,900281,Nayarit,NAY
1045,19,1994,3512406,Nuevo León,NL
1045,20,1994,3270326,Oaxaca,OAX
1045,21,1994,4659173,Puebla,PUE
1045,22,1994,1231789,Querétaro,QRO
1045,23,1994,663211,Quintana Roo,QROO
1045,24,1994,2211382,San Luis Potosí,SLP
1045,25,1994,2420706,Sinaloa,SIN
1045,26,1994,2063961,Sonora,SON
1045,27,1994,1725150,Tabasco,TAB
1045,28,1994,2514335,Tamaulipas,TAM
1045,29,1994,878037,Tlaxcala,TLAX
1045,30,1994,6766756,Veracruz,VER
1045,31,1994,1548861,Yucatán,YUC
1045,32,1994,1363617,Zacatecas,ZAC
1045,00,1995,92506744,Nacional,Nacional
1045,01,1995,871727,Aguascalientes,AGS
1045,02,1995,2115146,Baja California,BC
1045,03,1995,378327,Baja California Sur,BCS
1045,04,1995,645597,Campeche,CAMP
1045,05,1995,2200397,Coahuila,COAH
1045,06,1995,495079,Colima,COL
1045,07,1995,3627059,Chiapas,CHPS
1045,08,1995,2823811,Chihuahua,CHIH
1045,09,1995,8607943,Ciudad de México,CDMX
1045,10,1995,1463511,Durango,DGO
1045,11,1995,4476564,Guanajuato,GTO
1045,12,1995,2961659,Guerrero,GRO
1045,13,1995,2145171,Hidalgo,HGO
1045,14,1995,6118126,Jalisco,JAL
1045,15,1995,11826804,México,MEX
1045,16,1995,3971956,Michoacán,MICH
1045,17,1995,1453659,Morelos,MOR
1045,18,1995,910411,Nayarit,NAY
1045,19,1995,3588615,Nuevo León,NL
1045,20,1995,3296895,Oaxaca,OAX
1045,21,1995,4741212,Puebla,PUE
1045,22,1995,1264513,Querétaro,QRO
1045,23,1995,701480,Quintana Roo,QROO
1045,24,1995,2241315,San Luis Potosí,SLP
1045,25,1995,2456041,Sinaloa,SIN
1045,26,1995,2107533,Sonora,SON
1045,27,1995,1767324,Tabasco,TAB
1045,28,1995,2560075,Tamaulipas,TAM
1045,29,1995,898836,Tlaxcala,TLAX
1045,30,1995,6841000,Veracruz,VER
1045,31,1995,1578897,Yucatán,YUC
1045,32,1995,1370061,Zacatecas,ZAC
1045,00,1996,94005638,Nacional,Nacional
1045,01,1996,893303,Aguascalientes,AGS
1045,02,1996,2192097,Baja California,BC
1045,03,1996,389053,Baja California Sur,BCS
1045,04,1996,659759,Campeche,CAMP
1045,05,1996,2230415,Coahuila,COAH
1045,06,1996,505787,Colima,COL
1045,07,1996,3694503,Chiapas,CHPS
1045,08,1996,2879403,Chihuahua,CHIH
1045,09,1996,8631281,Ciudad de México,CDMX
1045,10,1996,1469335,Durango,DGO
1045,11,1996,4539211,Guanajuato,GTO
1045,12,1996,3003117,Guerrero,GRO
1045,13,1996,2180565,Hidalgo,HGO
1045,14,1996,6203044,Jalisco,JAL
1045,15,1996,12137857,México,MEX
1045,16,1996,4004858,Michoacán,MICH
1045,17,1996,1487278,Morelos,MOR
1045,18,1996,918223,Nayarit,NAY
1045,19,1996,3659598,Nuevo León,NL
1045,20,1996,3336371,Oaxaca,OAX
1045,21,1996,4834361,Puebla,PUE
1045,22,1996,1298877,Querétaro,QRO
1045,23,1996,740674,Quintana Roo,QROO
1045,24,1996,2268563,San Luis Potosí,SLP
1045,25,1996,2487661,Sinaloa,SIN
1045,26,1996,2145125,Sonora,SON
1045,27,1996,1805722,Tabasco,TAB
1045,28,1996,2609420,Tamaulipas,TAM
1045,29,1996,918997,Tlaxcala,TLAX
1045,30,1996,6900286,Veracruz,VER
1045,31,1996,1605973,Yucatán,YUC
1045,32,1996,1374921,Zacatecas,ZAC
1045,00,1997,95438019,Nacional,Nacional
1045,01,1997,912513,Aguascalientes,AGS
1045,02,1997,2269215,Baja California,BC
1045,03,1997,400401,Baja California Sur,BCS
1045,04,1997,671088,Campeche,CAMP
1045,05,1997,2260205,Coahuila,COAH
1045,06,1997,516728,Colima,COL
1045,07,1997,3770015,Chiapas,CHPS
1045,08,1997,2935733,Chihuahua,CHIH
1045,09,1997,8657116,Ciudad de México,CDMX
1045,10,1997,1472087,Durango,DGO
1045,11,1997,4599386,Guanajuato,GTO
1045,12,1997,3042180,Guerrero,GRO
1045,13,1997,2211983,Hidalgo,HGO
1045,14,1997,6272206,Jalisco,JAL
1045,15,1997,12444946,México,MEX
1045,16,1997,4027303,Michoacán,MICH
1045,17,1997,1512484,Morelos,MOR
1045,18,1997,923738,Nayarit,NAY
1045,19,1997,3724841,Nuevo León,NL
1045,20,1997,3386687,Oaxaca,OAX
1045,21,1997,4935582,Puebla,PUE
1045,22,1997,1334679,Querétaro,QRO
1045,23,1997,780619,Quintana Roo,QROO
1045,24,1997,2292648,San Luis Potosí,SLP
1045,25,1997,2515070,Sinaloa,SIN
1045,26,1997,2176654,Sonora,SON
1045,27,1997,1839997,Tabasco,TAB
1045,28,1997,2661234,Tamaulipas,TAM
1045,29,1997,938173,Tlaxcala,TLAX
1045,30,1997,6944547,Veracruz,VER
1045,31,1997,1630052,Yucatán,YUC
1045,32,1997,1377909,Zacatecas,ZAC
1045,00,1998,96799183,Nacional,Nacional
1045,01,1998,931005,Aguascalientes,AGS
1045,02,1998,2345846,Baja California,BC
1045,03,1998,411652,Baja California Sur,BCS
1045,04,1998,681912,Campeche,CAMP
1045,05,1998,2288021,Coahuila,COAH
1045,06,1998,527152,Colima,COL
1045,07,1998,3844853,Chiapas,CHPS
1045,08,1998,2990037,Chihuahua,CHIH
1045,09,1998,8674660,Ciudad de México,CDMX
1045,10,1998,1473323,Durango,DGO
1045,11,1998,4656208,Guanajuato,GTO
1045,12,1998,3079168,Guerrero,GRO
1045,13,1998,2240644,Hidalgo,HGO
1045,14,1998,6336617,Jalisco,JAL
1045,15,1998,12749519,México,MEX
1045,16,1998,4045551,Michoacán,MICH
1045,17,1998,1535406,Morelos,MOR
1045,18,1998,928305,Nayarit,NAY
1045,19,1998,3786472,Nuevo León,NL
1045,20,1998,3436406,Oaxaca,OAX
1045,21,1998,5033125,Puebla,PUE
1045,22,1998,1370676,Querétaro,QRO
1045,23,1998,820503,Quintana Roo,QROO
1045,24,1998,2314108,San Luis Potosí,SLP
1045,25,1998,2539262,Sinaloa,SIN
1045,26,1998,2205454,Sonora,SON
1045,27,1998,1872907,Tabasco,TAB
1045,28,1998,2710773,Tamaulipas,TAM
1045,29,1998,956645,Tlaxcala,TLAX
1045,30,1998,6980346,Veracruz,VER
1045,31,1998,1653043,Yucatán,YUC
1045,32,1998,1379584,Zacatecas,ZAC
1045,00,1999,98085415,Nacional,Nacional
1045,01,1999,948799,Aguascalientes,AGS
1045,02,1999,2421642,Baja California,BC
1045,03,1999,422747,Baja California Sur,BCS
1045,04,1999,692332,Campeche,CAMP
1045,05,1999,2313666,Coahuila,COAH
1045,06,1999,537149,Colima,COL
1045,07,1999,3918320,Chiapas,CHPS
1045,08,1999,3042094,Chihuahua,CHIH
1045,09,1999,8682629,Ciudad de México,CDMX
1045,10,1999,1473129,Durango,DGO
1045,11,1999,4708955,Guanajuato,GTO
1045,12,1999,3113782,Guerrero,GRO
1045,13,1999,2266912,Hidalgo,HGO
1045,14,1999,6396158,Jalisco,JAL
1045,15,1999,13050738,México,MEX
1045,16,1999,4059880,Michoacán,MICH
1045,17,1999,1556573,Morelos,MOR
1045,18,1999,932044,Nayarit,NAY
1045,19,1999,3844444,Nuevo León,NL
1045,20,1999,3484568,Oaxaca,OAX
1045,21,1999,5126942,Puebla,PUE
1045,22,1999,1406504,Querétaro,QRO
1045,23,1999,860391,Quintana Roo,QROO
1045,24,1999,2333161,San Luis Potosí,SLP
1045,25,1999,2560470,Sinaloa,SIN
1045,26,1999,2231783,Sonora,SON
1045,27,1999,1904727,Tabasco,TAB
1045,28,1999,2757976,Tamaulipas,TAM
1045,29,1999,974408,Tlaxcala,TLAX
1045,30,1999,7007884,Veracruz,VER
1045,31,1999,1674766,Yucatán,YUC
1045,32,1999,1379842,Zacatecas,ZAC
1045,00,2000,99368858,Nacional,Nacional
1045,01,2000,968833,Aguascalientes,AGS
1045,02,2000,2495955,Baja California,BC
1045,03,2000,436096,Baja California Sur,BCS
1045,04,2000,704083,Campeche,CAMP
1045,05,2000,2345905,Coahuila,COAH
1045,06,2000,545502,Colima,COL
1045,07,2000,3996040,Chiapas,CHPS
1045,08,2000,3089196,Chihuahua,CHIH
1045,09,2000,8706087,Ciudad de México,CDMX
1045,10,2000,1479503,Durango,DGO
1045,11,2000,4762391,Guanajuato,GTO
1045,12,2000,3141810,Guerrero,GRO
1045,13,2000,2291727,Hidalgo,HGO
1045,14,2000,6467806,Jalisco,JAL
1045,15,2000,13311647,México,MEX
1045,16,2000,4070129,Michoacán,MICH
1045,17,2000,1574073,Morelos,MOR
1045,18,2000,937616,Nayarit,NAY
1045,19,2000,3910227,Nuevo León,NL
1045,20,2000,3522584,Oaxaca,OAX
1045,21,2000,5208423,Puebla,PUE
1045,22,2000,1443141,Querétaro,QRO
1045,23,2000,901099,Quintana Roo,QROO
1045,24,2000,2354562,San Luis Potosí,SLP
1045,25,2000,2580007,Sinaloa,SIN
1045,26,2000,2262244,Sonora,SON
1045,27,2000,1932690,Tabasco,TAB
1045,28,2000,2807365,Tamaulipas,TAM
1045,29,2000,993379,Tlaxcala,TLAX
1045,30,2000,7045730,Veracruz,VER
1045,31,2000,1700325,Yucatán,YUC
1045,32,2000,1382683,Zacatecas,ZAC
1045,00,2001,100739263,Nacional,Nacional
1045,01,2001,992461,Aguascalientes,AGS
1045,02,2001,2570837,Baja California,BC
1045,03,2001,452484,Baja California Sur,BCS
1045,04,2001,718130,Campeche,CAMP
1045,05,2001,2388354,Coahuila,COAH
1045,06,2001,552590,Colima,COL
1045,07,2001,4082064,Chiapas,CHPS
1045,08,2001,3133500,Chihuahua,CHIH
1045,09,2001,8758667,Ciudad de México,CDMX
1045,10,2001,1494973,Durango,DGO
1045,11,2001,4820647,Guanajuato,GTO
1045,12,2001,3164220,Guerrero,GRO
1045,13,2001,2317149,Hidalgo,HGO
1045,14,2001,6559039,Jalisco,JAL
1045,15,2001,13531603,México,MEX
1045,16,2001,4079290,Michoacán,MICH
1045,17,2001,1589314,Morelos,MOR
1045,18,2001,946143,Nayarit,NAY
1045,19,2001,3989161,Nuevo León,NL
1045,20,2001,3551047,Oaxaca,OAX
1045,21,2001,5280329,Puebla,PUE
1045,22,2001,1481802,Querétaro,QRO
1045,23,2001,943529,Quintana Roo,QROO
1045,24,2001,2381097,San Luis Potosí,SLP
1045,25,2001,2600774,Sinaloa,SIN
1045,26,2001,2300246,Sonora,SON
1045,27,2001,1957949,Tabasco,TAB
1045,28,2001,2862596,Tamaulipas,TAM
1045,29,2001,1014617,Tlaxcala,TLAX
1045,30,2001,7102922,Veracruz,VER
1045,31,2001,1731984,Yucatán,YUC
1045,32,2001,1389745,Zacatecas,ZAC
1045,00,2002,102167274,Nacional,Nacional
1045,01,2002,1017397,Aguascalientes,AGS
1045,02,2002,2647676,Baja California,BC
1045,03,2002,469791,Baja California Sur,BCS
1045,04,2002,733163,Campeche,CAMP
1045,05,2002,2433494,Coahuila,COAH
1045,06,2002,559938,Colima,COL
1045,07,2002,4171911,Chiapas,CHPS
1045,08,2002,3178885,Chihuahua,CHIH
1045,09,2002,8819709,Ciudad de México,CDMX
1045,10,2002,1512519,Durango,DGO
1045,11,2002,4880536,Guanajuato,GTO
1045,12,2002,3185825,Guerrero,GRO
1045,13,2002,2343675,Hidalgo,HGO
1045,14,2002,6655208,Jalisco,JAL
1045,15,2002,13750201,México,MEX
1045,16,2002,4089365,Michoacán,MICH
1045,17,2002,1605470,Morelos,MOR
1045,18,2002,955503,Nayarit,NAY
1045,19,2002,4072154,Nuevo León,NL
1045,20,2002,3578713,Oaxaca,OAX
1045,21,2002,5353996,Puebla,PUE
1045,22,2002,1521700,Querétaro,QRO
1045,23,2002,987376,Quintana Roo,QROO
1045,24,2002,2409515,San Luis Potosí,SLP
1045,25,2002,2623034,Sinaloa,SIN
1045,26,2002,2340664,Sonora,SON
1045,27,2002,1984067,Tabasco,TAB
1045,28,2002,2920972,Tamaulipas,TAM
1045,29,2002,1036757,Tlaxcala,TLAX
1045,30,2002,7165167,Veracruz,VER
1045,31,2002,1765258,Yucatán,YUC
1045,32,2002,1397635,Zacatecas,ZAC
1045,00,2003,103587899,Nacional,Nacional
1045,01,2003,1042583,Aguascalientes,AGS
1045,02,2003,2724975,Baja California,BC
1045,03,2003,487357,Baja California Sur,BCS
1045,04,2003,748463,Campeche,CAMP
1045,05,2003,2478582,Coahuila,COAH
1045,06,2003,567352,Colima,COL
1045,07,2003,4261966,Chiapas,CHPS
1045,08,2003,3223858,Chihuahua,CHIH
1045,09,2003,8878329,Ciudad de México,CDMX
1045,10,2003,1530089,Durango,DGO
1045,11,2003,4938881,Guanajuato,GTO
1045,12,2003,3205860,Guerrero,GRO
1045,13,2003,2370185,Hidalgo,HGO
1045,14,2003,6750512,Jalisco,JAL
1045,15,2003,13968235,México,MEX
1045,16,2003,4098402,Michoacán,MICH
1045,17,2003,1621823,Morelos,MOR
1045,18,2003,964864,Nayarit,NAY
1045,19,2003,4155370,Nuevo León,NL
1045,20,2003,3604885,Oaxaca,OAX
1045,21,2003,5427999,Puebla,PUE
1045,22,2003,1561709,Querétaro,QRO
1045,23,2003,1032090,Quintana Roo,QROO
1045,24,2003,2437891,San Luis Potosí,SLP
1045,25,2003,2644900,Sinaloa,SIN
1045,26,2003,2381092,Sonora,SON
1045,27,2003,2010219,Tabasco,TAB
1045,28,2003,2979915,Tamaulipas,TAM
1045,29,2003,1059014,Tlaxcala,TLAX
1045,30,2003,7226669,Veracruz,VER
1045,31,2003,1798634,Yucatán,YUC
1045,32,2003,1405196,Zacatecas,ZAC
1045,00,2004,104970581,Nacional,Nacional
1045,01,2004,1067693,Aguascalientes,AGS
1045,02,2004,2802054,Baja California,BC
1045,03,2004,505004,Baja California Sur,BCS
1045,04,2004,763707,Campeche,CAMP
1045,05,2004,2523006,Coahuila,COAH
1045,06,2004,574696,Colima,COL
1045,07,2004,4350768,Chiapas,CHPS
1045,08,2004,3267587,Chihuahua,CHIH
1045,09,2004,8931633,Ciudad de México,CDMX
1045,10,2004,1547023,Durango,DGO
1045,11,2004,4994568,Guanajuato,GTO
1045,12,2004,3223509,Guerrero,GRO
1045,13,2004,2396022,Hidalgo,HGO
1045,14,2004,6843769,Jalisco,JAL
1045,15,2004,14180907,México,MEX
1045,16,2004,4105412,Michoacán,MICH
1045,17,2004,1637754,Morelos,MOR
1045,18,2004,973836,Nayarit,NAY
1045,19,2004,4237502,Nuevo León,NL
1045,20,2004,3628605,Oaxaca,OAX
1045,21,2004,5500489,Puebla,PUE
1045,22,2004,1601443,Querétaro,QRO
1045,23,2004,1077416,Quintana Roo,QROO
1045,24,2004,2465380,San Luis Potosí,SLP
1045,25,2004,2665663,Sinaloa,SIN
1045,26,2004,2420811,Sonora,SON
1045,27,2004,2035566,Tabasco,TAB
1045,28,2004,3038381,Tamaulipas,TAM
1045,29,2004,1081005,Tlaxcala,TLAX
1045,30,2004,7285698,Veracruz,VER
1045,31,2004,1831630,Yucatán,YUC
1045,32,2004,1412044,Zacatecas,ZAC
1045,00,2005,106370948,Nacional,Nacional
1045,01,2005,1092345,Aguascalientes,AGS
1045,02,2005,2877276,Baja California,BC
1045,03,2005,523505,Baja California Sur,BCS
1045,04,2005,778680,Campeche,CAMP
1045,05,2005,2567167,Coahuila,COAH
1045,06,2005,583006,Colima,COL
1045,07,2005,4440529,Chiapas,CHPS
1045,08,2005,3309479,Chihuahua,CHIH
1045,09,2005,8977190,Ciudad de México,CDMX
1045,10,2005,1564271,Durango,DGO
1045,11,2005,5054708,Guanajuato,GTO
1045,12,2005,3243372,Guerrero,GRO
1045,13,2005,2425682,Hidalgo,HGO
1045,14,2005,6938752,Jalisco,JAL
1045,15,2005,14393627,México,MEX
1045,16,2005,4119076,Michoacán,MICH
1045,17,2005,1655361,Morelos,MOR
1045,18,2005,984695,Nayarit,NAY
1045,19,2005,4318376,Nuevo León,NL
1045,20,2005,3654837,Oaxaca,OAX
1045,21,2005,5571786,Puebla,PUE
1045,22,2005,1641708,Querétaro,QRO
1045,23,2005,1123401,Quintana Roo,QROO
1045,24,2005,2492556,San Luis Potosí,SLP
1045,25,2005,2687038,Sinaloa,SIN
1045,26,2005,2461139,Sonora,SON
1045,27,2005,2062531,Tabasco,TAB
1045,28,2005,3094907,Tamaulipas,TAM
1045,29,2005,1102517,Tlaxcala,TLAX
1045,30,2005,7347572,Veracruz,VER
1045,31,2005,1863537,Yucatán,YUC
1045,32,2005,1420322,Zacatecas,ZAC
1045,00,2006,107885646,Nacional,Nacional
1045,01,2006,1115306,Aguascalientes,AGS
1045,02,2006,2943650,Baja California,BC
1045,03,2006,545300,Baja California Sur,BCS
1045,04,2006,791621,Campeche,CAMP
1045,05,2006,2611380,Coahuila,COAH
1045,06,2006,595479,Colima,COL
1045,07,2006,4533772,Chiapas,CHPS
1045,08,2006,3343356,Chihuahua,CHIH
1045,09,2006,9001741,Ciudad de México,CDMX
1045,10,2006,1583660,Durango,DGO
1045,11,2006,5139975,Guanajuato,GTO
1045,12,2006,3277472,Guerrero,GRO
1045,13,2006,2471362,Hidalgo,HGO
1045,14,2006,7041613,Jalisco,JAL
1045,15,2006,14610633,México,MEX
1045,16,2006,4162425,Michoacán,MICH
1045,17,2006,1680439,Morelos,MOR
1045,18,2006,1003180,Nayarit,NAY
1045,19,2006,4399069,Nuevo León,NL
1045,20,2006,3693175,Oaxaca,OAX
1045,21,2006,5641184,Puebla,PUE
1045,22,2006,1683397,Querétaro,QRO
1045,23,2006,1167197,Quintana Roo,QROO
1045,24,2006,2520160,San Luis Potosí,SLP
1045,25,2006,2711230,Sinaloa,SIN
1045,26,2006,2505114,Sonora,SON
1045,27,2006,2098221,Tabasco,TAB
1045,28,2006,3143235,Tamaulipas,TAM
1045,29,2006,1121917,Tlaxcala,TLAX
1045,30,2006,7423894,Veracruz,VER
1045,31,2006,1890146,Yucatán,YUC
1045,32,2006,1435343,Zacatecas,ZAC
1045,00,2007,109538665,Nacional,Nacional
1045,01,2007,1137704,Aguascalientes,AGS
1045,02,2007,3004841,Baja California,BC
1045,03,2007,570116,Baja California Sur,BCS
1045,04,2007,802962,Campeche,CAMP
1045,05,2007,2657245,Coahuila,COAH
1045,06,2007,611647,Colima,COL
1045,07,2007,4631540,Chiapas,CHPS
1045,08,2007,3371690,Chihuahua,CHIH
1045,09,2007,9011907,Ciudad de México,CDMX
1045,10,2007,1605283,Durango,DGO
1045,11,2007,5249308,Guanajuato,GTO
1045,12,2007,3324510,Guerrero,GRO
1045,13,2007,2531045,Hidalgo,HGO
1045,14,2007,7154781,Jalisco,JAL
1045,15,2007,14835566,México,MEX
1045,16,2007,4231339,Michoacán,MICH
1045,17,2007,1712141,Morelos,MOR
1045,18,2007,1027998,Nayarit,NAY
1045,19,2007,4482940,Nuevo León,NL
1045,20,2007,3741849,Oaxaca,OAX
1045,21,2007,5711504,Puebla,PUE
1045,22,2007,1727097,Querétaro,QRO
1045,23,2007,1209520,Quintana Roo,QROO
1045,24,2007,2549125,San Luis Potosí,SLP
1045,25,2007,2738399,Sinaloa,SIN
1045,26,2007,2553416,Sonora,SON
1045,27,2007,2141902,Tabasco,TAB
1045,28,2007,3186486,Tamaulipas,TAM
1045,29,2007,1140157,Tlaxcala,TLAX
1045,30,2007,7514814,Veracruz,VER
1045,31,2007,1913489,Yucatán,YUC
1045,32,2007,1456344,Zacatecas,ZAC
1045,00,2008,111275915,Nacional,Nacional
1045,01,2008,1161188,Aguascalientes,AGS
1045,02,2008,3069155,Baja California,BC
1045,03,2008,595876,Baja California Sur,BCS
1045,04,2008,814707,Campeche,CAMP
1045,05,2008,2705559,Coahuila,COAH
1045,06,2008,628547,Colima,COL
1045,07,2008,4733412,Chiapas,CHPS
1045,08,2008,3401622,Chihuahua,CHIH
1045,09,2008,9022695,Ciudad de México,CDMX
1045,10,2008,1627873,Durango,DGO
1045,11,2008,5365249,Guanajuato,GTO
1045,12,2008,3374388,Guerrero,GRO
1045,13,2008,2593655,Hidalgo,HGO
1045,14,2008,7274893,Jalisco,JAL
1045,15,2008,15069100,México,MEX
1045,16,2008,4304908,Michoacán,MICH
1045,17,2008,1745308,Morelos,MOR
1045,18,2008,1053890,Nayarit,NAY
1045,19,2008,4570821,Nuevo León,NL
1045,20,2008,3793004,Oaxaca,OAX
1045,21,2008,5785129,Puebla,PUE
1045,22,2008,1772795,Querétaro,QRO
1045,23,2008,1253759,Quintana Roo,QROO
1045,24,2008,2579739,San Luis Potosí,SLP
1045,25,2008,2767220,Sinaloa,SIN
1045,26,2008,2604014,Sonora,SON
1045,27,2008,2187500,Tabasco,TAB
1045,28,2008,3231820,Tamaulipas,TAM
1045,29,2008,1159255,Tlaxcala,TLAX
1045,30,2008,7611301,Veracruz,VER
1045,31,2008,1938800,Yucatán,YUC
1045,32,2008,1478733,Zacatecas,ZAC
1045,00,2009,113030218,Nacional,Nacional
1045,01,2009,1185148,Aguascalientes,AGS
1045,02,2009,3134914,Baja California,BC
1045,03,2009,622177,Baja California Sur,BCS
1045,04,2009,826542,Campeche,CAMP
1045,05,2009,2754694,Coahuila,COAH
1045,06,2009,645717,Colima,COL
1045,07,2009,4837038,Chiapas,CHPS
1045,08,2009,3431265,Chihuahua,CHIH
1045,09,2009,9029228,Ciudad de México,CDMX
1045,10,2009,1650564,Durango,DGO
1045,11,2009,5483751,Guanajuato,GTO
1045,12,2009,3425068,Guerrero,GRO
1045,13,2009,2657268,Hidalgo,HGO
1045,14,2009,7397049,Jalisco,JAL
1045,15,2009,15302954,México,MEX
1045,16,2009,4379564,Michoacán,MICH
1045,17,2009,1778809,Morelos,MOR
1045,18,2009,1080077,Nayarit,NAY
1045,19,2009,4660113,Nuevo León,NL
1045,20,2009,3844376,Oaxaca,OAX
1045,21,2009,5858990,Puebla,PUE
1045,22,2009,1819485,Querétaro,QRO
1045,23,2009,1299264,Quintana Roo,QROO
1045,24,2009,2610684,San Luis Potosí,SLP
1045,25,2009,2795841,Sinaloa,SIN
1045,26,2009,2655268,Sonora,SON
1045,27,2009,2233846,Tabasco,TAB
1045,28,2009,3277533,Tamaulipas,TAM
1045,29,2009,1178644,Tlaxcala,TLAX
1045,30,2009,7708162,Veracruz,VER
1045,31,2009,1964816,Yucatán,YUC
1045,32,2009,1501369,Zacatecas,ZAC
1045,00,2010,114756059,Nacional,Nacional
1045,01,2010,1210556,Aguascalientes,AGS
1045,02,2010,3194264,Baja California,BC
1045,03,2010,646019,Baja California Sur,BCS
1045,04,2010,839767,Campeche,CAMP
1045,05,2010,2803245,Coahuila,COAH
1045,06,2010,662102,Colima,COL
1045,07,2010,4939084,Chiapas,CHPS
1045,08,2010,3461968,Chihuahua,CHIH
1045,09,2010,9044151,Ciudad de México,CDMX
1045,10,2010,1674025,Durango,DGO
1045,11,2010,5594014,Guanajuato,GTO
1045,12,2010,3471744,Guerrero,GRO
1045,13,2010,2716134,Hidalgo,HGO
1045,14,2010,7517154,Jalisco,JAL
1045,15,2010,15529760,México,MEX
1045,16,2010,4448775,Michoacán,MICH
1045,17,2010,1810968,Morelos,MOR
1045,18,2010,1104566,Nayarit,NAY
1045,19,2010,4753609,Nuevo León,NL
1045,20,2010,3892000,Oaxaca,OAX
1045,21,2010,5935838,Puebla,PUE
1045,22,2010,1866962,Querétaro,QRO
1045,23,2010,1343587,Quintana Roo,QROO
1045,24,2010,2641607,San Luis Potosí,SLP
1045,25,2010,2828513,Sinaloa,SIN
1045,26,2010,2704187,Sonora,SON
1045,27,2010,2277499,Tabasco,TAB
1045,28,2010,3321762,Tamaulipas,TAM
1045,29,2010,1198840,Tlaxcala,TLAX
1045,30,2010,7806880,Veracruz,VER
1045,31,2010,1993112,Yucatán,YUC
1045,32,2010,1523367,Zacatecas,ZAC
1045,00,2011,116446180,Nacional,Nacional
1045,01,2011,1238120,Aguascalientes,AGS
1045,02,2011,3241111,Baja California,BC
1045,03,2011,665112,Baja California Sur,BCS
1045,04,2011,855626,Campeche,CAMP
1045,05,2011,2850340,Coahuila,COAH
1045,06,2011,676799,Colima,COL
1045,07,2011,5036751,Chiapas,CHPS
1045,08,2011,3496283,Chihuahua,CHIH
1045,09,2011,9074286,Ciudad de México,CDMX
1045,10,2011,1699319,Durango,DGO
1045,11,2011,5687318,Guanajuato,GTO
1045,12,2011,3510911,Guerrero,GRO
1045,13,2011,2765973,Hidalgo,HGO
1045,14,2011,7633543,Jalisco,JAL
1045,15,2011,15759356,México,MEX
1045,16,2011,4507636,Michoacán,MICH
1045,17,2011,1840796,Morelos,MOR
1045,18,2011,1126347,Nayarit,NAY
1045,19,2011,4854677,Nuevo León,NL
1045,20,2011,3933805,Oaxaca,OAX
1045,21,2011,6019204,Puebla,PUE
1045,22,2011,1914820,Querétaro,QRO
1045,23,2011,1385266,Quintana Roo,QROO
1045,24,2011,2673000,San Luis Potosí,SLP
1045,25,2011,2869487,Sinaloa,SIN
1045,26,2011,2749205,Sonora,SON
1045,27,2011,2316139,Tabasco,TAB
1045,28,2011,3363767,Tamaulipas,TAM
1045,29,2011,1221016,Tlaxcala,TLAX
1045,30,2011,7910343,Veracruz,VER
1045,31,2011,2025293,Yucatán,YUC
1045,32,2011,1544531,Zacatecas,ZAC
1045,00,2012,118060514,Nacional,Nacional
1045,01,2012,1265972,Aguascalientes,AGS
1045,02,2012,3280221,Baja California,BC
1045,03,2012,681803,Baja California Sur,BCS
1045,04,2012,872482,Campeche,CAMP
1045,05,2012,2895110,Coahuila,COAH
1045,06,2012,690163,Colima,COL
1045,07,2012,5129764,Chiapas,CHPS
1045,08,2012,3530461,Chihuahua,CHIH
1045,09,2012,9102171,Ciudad de México,CDMX
1045,10,2012,1724700,Durango,DGO
1045,11,2012,5768956,Guanajuato,GTO
1045,12,2012,3544755,Guerrero,GRO
1045,13,2012,2810048,Hidalgo,HGO
1045,14,2012,7743685,Jalisco,JAL
1045,15,2012,15989161,México,MEX
1045,16,2012,4558445,Michoacán,MICH
1045,17,2012,1868737,Morelos,MOR
1045,18,2012,1146453,Nayarit,NAY
1045,19,2012,4957369,Nuevo León,NL
1045,20,2012,3971033,Oaxaca,OAX
1045,21,2012,6102708,Puebla,PUE
1045,22,2012,1961944,Querétaro,QRO
1045,23,2012,1425358,Quintana Roo,QROO
1045,24,2012,2703397,San Luis Potosí,SLP
1045,25,2012,2912630,Sinaloa,SIN
1045,26,2012,2791136,Sonora,SON
1045,27,2012,2351726,Tabasco,TAB
1045,28,2012,3402841,Tamaulipas,TAM
1045,29,2012,1243812,Tlaxcala,TLAX
1045,30,2012,8011048,Veracruz,VER
1045,31,2012,2057996,Yucatán,YUC
1045,32,2012,1564429,Zacatecas,ZAC
1045,00,2013,119597654,Nacional,Nacional
1045,01,2013,1293332,Aguascalientes,AGS
1045,02,2013,3316849,Baja California,BC
1045,03,2013,698209,Baja California Sur,BCS
1045,04,2013,889136,Campeche,CAMP
1045,05,2013,2938067,Coahuila,COAH
1045,06,2013,702992,Colima,COL
1045,07,2013,5220498,Chiapas,CHPS
1045,08,2013,3561862,Chihuahua,CHIH
1045,09,2013,9121489,Ciudad de México,CDMX
1045,10,2013,1749082,Durango,DGO
1045,11,2013,5846464,Guanajuato,GTO
1045,12,2013,3576309,Guerrero,GRO
1045,13,2013,2852032,Hidalgo,HGO
1045,14,2013,7847959,Jalisco,JAL
1045,15,2013,16209259,México,MEX
1045,16,2013,4605304,Michoacán,MICH
1045,17,2013,1895682,Morelos,MOR
1045,18,2013,1165666,Nayarit,NAY
1045,19,2013,5058154,Nuevo León,NL
1045,20,2013,4005676,Oaxaca,OAX
1045,21,2013,6183078,Puebla,PUE
1045,22,2013,2008518,Querétaro,QRO
1045,23,2013,1464964,Quintana Roo,QROO
1045,24,2013,2732108,San Luis Potosí,SLP
1045,25,2013,2953698,Sinaloa,SIN
1045,26,2013,2831208,Sonora,SON
1045,27,2013,2386488,Tabasco,TAB
1045,28,2013,3439496,Tamaulipas,TAM
1045,29,2013,1266063,Tlaxcala,TLAX
1045,30,2013,8105450,Veracruz,VER
1045,31,2013,2089484,Yucatán,YUC
1045,32,2013,1583078,Zacatecas,ZAC
1045,00,2014,121048604,Nacional,Nacional
1045,01,2014,1320036,Aguascalientes,AGS
1045,02,2014,3350881,Baja California,BC
1045,03,2014,714281,Baja California Sur,BCS
1045,04,2014,905316,Campeche,CAMP
1045,05,2014,2978928,Coahuila,COAH
1045,06,2014,715359,Colima,COL
1045,07,2014,5308440,Chiapas,CHPS
1045,08,2014,3590487,Chihuahua,CHIH
1045,09,2014,9131261,Ciudad de México,CDMX
1045,10,2014,1772225,Durango,DGO
1045,11,2014,5920002,Guanajuato,GTO
1045,12,2014,3605158,Guerrero,GRO
1045,13,2014,2891824,Hidalgo,HGO
1045,14,2014,7945906,Jalisco,JAL
1045,15,2014,16418232,México,MEX
1045,16,2014,4648296,Michoacán,MICH
1045,17,2014,1921450,Morelos,MOR
1045,18,2014,1183925,Nayarit,NAY
1045,19,2014,5156442,Nuevo León,NL
1045,20,2014,4037510,Oaxaca,OAX
1045,21,2014,6259726,Puebla,PUE
1045,22,2014,2054196,Querétaro,QRO
1045,23,2014,1503999,Quintana Roo,QROO
1045,24,2014,2758933,San Luis Potosí,SLP
1045,25,2014,2992691,Sinaloa,SIN
1045,26,2014,2869173,Sonora,SON
1045,27,2014,2420042,Tabasco,TAB
1045,28,2014,3473611,Tamaulipas,TAM
1045,29,2014,1287633,Tlaxcala,TLAX
1045,30,2014,8192658,Veracruz,VER
1045,31,2014,2119530,Yucatán,YUC
1045,32,2014,1600453,Zacatecas,ZAC
1045,00,2015,122368490,Nacional,Nacional
1045,01,2015,1344649,Aguascalientes,AGS
1045,02,2015,3406162,Baja California,BC
1045,03,2015,730405,Baja California Sur,BCS
1045,04,2015,917075,Campeche,CAMP
1045,05,2015,3017320,Coahuila,COAH
1045,06,2015,724011,Colima,COL
1045,07,2015,5386294,Chiapas,CHPS
1045,08,2015,3621545,Chihuahua,CHIH
1045,09,2015,9152227,Ciudad de México,CDMX
1045,10,2015,1791588,Durango,DGO
1045,11,2015,5985087,Guanajuato,GTO
1045,12,2015,3620740,Guerrero,GRO
1045,13,2015,2931124,Hidalgo,HGO
1045,14,2015,8040214,Jalisco,JAL
1045,15,2015,16594825,México,MEX
1045,16,2015,4683987,Michoacán,MICH
1045,17,2015,1941580,Morelos,MOR
1045,18,2015,1198804,Nayarit,NAY
1045,19,2015,5266220,Nuevo León,NL
1045,20,2015,4067038,Oaxaca,OAX
1045,21,2015,6333894,Puebla,PUE
1045,22,2015,2106659,Querétaro,QRO
1045,23,2015,1555088,Quintana Roo,QROO
1045,24,2015,2781703,San Luis Potosí,SLP
1045,25,2015,3019576,Sinaloa,SIN
1045,26,2015,2899261,Sonora,SON
1045,27,2015,2440488,Tabasco,TAB
1045,28,2015,3500156,Tamaulipas,TAM
1045,29,2015,1305544,Tlaxcala,TLAX
1045,30,2015,8237896,Veracruz,VER
1045,31,2015,2154214,Yucatán,YUC
1045,32,2015,1613116,Zacatecas,ZAC
1045,00,2016,123587407,Nacional,Nacional
1045,01,2016,1367412,Aguascalientes,AGS
1045,02,2016,3490609,Baja California,BC
1045,03,2016,746827,Baja California Sur,BCS
1045,04,2016,923399,Campeche,CAMP
1045,05,2016,3053932,Coahuila,COAH
1045,06,2016,728544,Colima,COL
1045,07,2016,5453377,Chiapas,CHPS
1045,08,2016,3657794,Chihuahua,CHIH
1045,09,2016,9196836,Ciudad de México,CDMX
1045,10,2016,1806708,Durango,DGO
1045,11,2016,6042559,Guanajuato,GTO
1045,12,2016,3621045,Guerrero,GRO
1045,13,2016,2971554,Hidalgo,HGO
1045,14,2016,8134729,Jalisco,JAL
1045,15,2016,16737401,México,MEX
1045,16,2016,4712935,Michoacán,MICH
1045,17,2016,1955483,Morelos,MOR
1045,18,2016,1209787,Nayarit,NAY
1045,19,2016,5392796,Nuevo León,NL
1045,20,2016,4095378,Oaxaca,OAX
1045,21,2016,6407953,Puebla,PUE
1045,22,2016,2168910,Querétaro,QRO
1045,23,2016,1622307,Quintana Roo,QROO
1045,24,2016,2800720,San Luis Potosí,SLP
1045,25,2016,3032732,Sinaloa,SIN
1045,26,2016,2920813,Sonora,SON
1045,27,2016,2445024,Tabasco,TAB
1045,28,2016,3519599,Tamaulipas,TAM
1045,29,2016,1319228,Tlaxcala,TLAX
1045,30,2016,8234539,Veracruz,VER
1045,31,2016,2195871,Yucatán,YUC
1045,32,2016,1620606,Zacatecas,ZAC
1045,00,2017,124777172,Nacional,Nacional
1045,01,2017,1389971,Aguascalientes,AGS
1045,02,2017,3581745,Baja California,BC
1045,03,2017,763394,Baja California Sur,BCS
1045,04,2017,927991,Campeche,CAMP
1045,05,2017,3089757,Coahuila,COAH
1045,06,2017,732464,Colima,COL
1045,07,2017,5517445,Chiapas,CHPS
1045,08,2017,3695619,Chihuahua,CHIH
1045,09,2017,9246758,Ciudad de México,CDMX
1045,10,2017,1820182,Durango,DGO
1045,11,2017,6098836,Guanajuato,GTO
1045,12,2017,3616519,Guerrero,GRO
1045,13,2017,3012171,Hidalgo,HGO
1045,14,2017,8229023,Jalisco,JAL
1045,15,2017,16870063,México,MEX
1045,16,2017,4740170,Michoacán,MICH
1045,17,2017,1967810,Morelos,MOR
1045,18,2017,1219657,Nayarit,NAY
1045,19,2017,5523593,Nuevo León,NL
1045,20,2017,4122860,Oaxaca,OAX
1045,21,2017,6482027,Puebla,PUE
1045,22,2017,2233603,Querétaro,QRO
1045,23,2017,1693802,Quintana Roo,QROO
1045,24,2017,2818687,San Luis Potosí,SLP
1045,25,2017,3043381,Sinaloa,SIN
1045,26,2017,2940352,Sonora,SON
1045,27,2017,2445081,Tabasco,TAB
1045,28,2017,3537686,Tamaulipas,TAM
1045,29,2017,1331896,Tlaxcala,TLAX
1045,30,2017,8218904,Veracruz,VER
1045,31,2017,2238955,Yucatán,YUC
1045,32,2017,1626770,Zacatecas,ZAC
1045,00,2018,125995825,Nacional,Nacional
1045,01,2018,1413003,Aguascalientes,AGS
1045,02,2018,3674434,Baja California,BC
1045,03,2018,780416,Baja California Sur,BCS
1045,04,2018,932320,Campeche,CAMP
1045,05,2018,3126107,Coahuila,COAH
1045,06,2018,736743,Colima,COL
1045,07,2018,5582946,Chiapas,CHPS
1045,08,2018,3735414,Chihuahua,CHIH
1045,09,2018,9296268,Ciudad de México,CDMX
1045,10,2018,1833514,Durango,DGO
1045,11,2018,6156841,Guanajuato,GTO
1045,12,2018,3611193,Guerrero,GRO
1045,13,2018,3053548,Hidalgo,HGO
1045,14,2018,8325605,Jalisco,JAL
1045,15,2018,17005733,México,MEX
1045,16,2018,4769382,Michoacán,MICH
1045,17,2018,1980405,Morelos,MOR
1045,18,2018,1230058,Nayarit,NAY
1045,19,2018,5657159,Nuevo León,NL
1045,20,2018,4151349,Oaxaca,OAX
1045,21,2018,6558654,Puebla,PUE
1045,22,2018,2298993,Querétaro,QRO
1045,23,2018,1767057,Quintana Roo,QROO
1045,24,2018,2837201,San Luis Potosí,SLP
1045,25,2018,3055044,Sinaloa,SIN
1045,26,2018,2960783,Sonora,SON
1045,27,2018,2444325,Tabasco,TAB
1045,28,2018,3556359,Tamaulipas,TAM
1045,29,2018,1345021,Tlaxcala,TLAX
1045,30,2018,8203798,Veracruz,VER
1045,31,2018,2282762,Yucatán,YUC
1045,32,2018,1633390,Zacatecas,ZAC
1045,00,2019,127215666,Nacional,Nacional
1045,01,2019,1436338,Aguascalientes,AGS
1045,02,2019,3767720,Baja California,BC
1045,03,2019,797758,Baja California Sur,BCS
1045,04,2019,936190,Campeche,CAMP
1045,05,2019,3162465,Coahuila,COAH
1045,06,2019,741130,Colima,COL
1045,07,2019,5648179,Chiapas,CHPS
1045,08,2019,3775295,Chihuahua,CHIH
1045,09,2019,9343071,Ciudad de México,CDMX
1045,10,2019,1846325,Durango,DGO
1045,11,2019,6214546,Guanajuato,GTO
1045,12,2019,3604522,Guerrero,GRO
1045,13,2019,3095127,Hidalgo,HGO
1045,14,2019,8423387,Jalisco,JAL
1045,15,2019,17141518,México,MEX
1045,16,2019,4798352,Michoacán,MICH
1045,17,2019,1992901,Morelos,MOR
1045,18,2019,1240909,Nayarit,NAY
1045,19,2019,5792403,Nuevo León,NL
1045,20,2019,4180230,Oaxaca,OAX
1045,21,2019,6637103,Puebla,PUE
1045,22,2019,2364645,Querétaro,QRO
1045,23,2019,1841470,Quintana Roo,QROO
1045,24,2019,2855736,San Luis Potosí,SLP
1045,25,2019,3066406,Sinaloa,SIN
1045,26,2019,2981674,Sonora,SON
1045,27,2019,2442176,Tabasco,TAB
1045,28,2019,3574992,Tamaulipas,TAM
1045,29,2019,1358198,Tlaxcala,TLAX
1045,30,2019,8188082,Veracruz,VER
1045,31,2019,2326846,Yucatán,YUC
1045,32,2019,1639972,Zacatecas,ZAC
1045,00,2020,128209170,Nacional,Nacional
1045,01,2020,1456050,Aguascalientes,AGS
1045,02,2020,3838619,Baja California,BC
1045,03,2020,815098,Baja California Sur,BCS
1045,04,2020,939179,Campeche,CAMP
1045,05,2020,3197122,Coahuila,COAH
1045,06,2020,745122,Colima,COL
1045,07,2020,5715260,Chiapas,CHPS
1045,08,2020,3812627,Chihuahua,CHIH
1045,09,2020,9332593,Ciudad de México,CDMX
1045,10,2020,1858155,Durango,DGO
1045,11,2020,6265796,Guanajuato,GTO
1045,12,2020,3599955,Guerrero,GRO
1045,13,2020,3130166,Hidalgo,HGO
1045,14,2020,8507662,Jalisco,JAL
1045,15,2020,17236788,México,MEX
1045,16,2020,4830267,Michoacán,MICH
1045,17,2020,2002754,Morelos,MOR
1045,18,2020,1252690,Nayarit,NAY
1045,19,2020,5905971,Nuevo León,NL
1045,20,2020,4204445,Oaxaca,OAX
1045,21,2020,6705217,Puebla,PUE
1045,22,2020,2419819,Querétaro,QRO
1045,23,2020,1898241,Quintana Roo,QROO
1045,24,2020,2871697,San Luis Potosí,SLP
1045,25,2020,3079773,Sinaloa,SIN
1045,26,2020,3002286,Sonora,SON
1045,27,2020,2440449,Tabasco,TAB
1045,28,2020,3595971,Tamaulipas,TAM
1045,29,2020,1369950,Tlaxcala,TLAX
1045,30,2020,8169287,Veracruz,VER
1045,31,2020,2363123,Yucatán,YUC
1045,32,2020,1647038,Zacatecas,ZAC
1045,00,2021,128982939,Nacional,Nacional
1045,01,2021,1472645,Aguascalientes,AGS
1045,02,2021,3889925,Baja California,BC
1045,03,2021,831832,Baja California Sur,BCS
1045,04,2021,941684,Campeche,CAMP
1045,05,2021,3232850,Coahuila,COAH
1045,06,2021,748315,Colima,COL
1045,07,2021,5785553,Chiapas,CHPS
1045,08,2021,3851891,Chihuahua,CHIH
1045,09,2021,9272649,Ciudad de México,CDMX
1045,10,2021,1870186,Durango,DGO
1045,11,2021,6308964,Guanajuato,GTO
1045,12,2021,3598332,Guerrero,GRO
1045,13,2021,3157947,Hidalgo,HGO
1045,14,2021,8573447,Jalisco,JAL
1045,15,2021,17291050,México,MEX
1045,16,2021,4862597,Michoacán,MICH
1045,17,2021,2008274,Morelos,MOR
1045,18,2021,1264932,Nayarit,NAY
1045,19,2021,5996906,Nuevo León,NL
1045,20,2021,4221338,Oaxaca,OAX
1045,21,2021,6758650,Puebla,PUE
1045,22,2021,2462684,Querétaro,QRO
1045,23,2021,1936713,Quintana Roo,QROO
1045,24,2021,2885794,San Luis Potosí,SLP
1045,25,2021,3096923,Sinaloa,SIN
1045,26,2021,3024147,Sonora,SON
1045,27,2021,2441753,Tabasco,TAB
1045,28,2021,3621934,Tamaulipas,TAM
1045,29,2021,1380635,Tlaxcala,TLAX
1045,30,2021,8146184,Veracruz,VER
1045,31,2021,2390802,Yucatán,YUC
1045,32,2021,1655403,Zacatecas,ZAC
1045,00,2022,129960600,Nacional,Nacional
1045,01,2022,1491126,Aguascalientes,AGS
1045,02,2022,3948201,Baja California,BC
1045,03,2022,849224,Baja California Sur,BCS
1045,04,2022,945445,Campeche,CAMP
1045,05,2022,3273658,Coahuila,COAH
1045,06,2022,752247,Colima,COL
1045,07,2022,5862882,Chiapas,CHPS
1045,08,2022,3898274,Chihuahua,CHIH
1045,09,2022,9237644,Ciudad de México,CDMX
1045,10,2022,1884286,Durango,DGO
1045,11,2022,6360814,Guanajuato,GTO
1045,12,2022,3599951,Guerrero,GRO
1045,13,2022,3190331,Hidalgo,HGO
1045,14,2022,8647986,Jalisco,JAL
1045,15,2022,17379644,México,MEX
1045,16,2022,4901506,Michoacán,MICH
1045,17,2022,2017078,Morelos,MOR
1045,18,2022,1278605,Nayarit,NAY
1045,19,2022,6095498,Nuevo León,NL
1045,20,2022,4244538,Oaxaca,OAX
1045,21,2022,6824785,Puebla,PUE
1045,22,2022,2508214,Querétaro,QRO
1045,23,2022,1977161,Quintana Roo,QROO
1045,24,2022,2905759,San Luis Potosí,SLP
1045,25,2022,3118470,Sinaloa,SIN
1045,26,2022,3051188,Sonora,SON
1045,27,2022,2447193,Tabasco,TAB
1045,28,2022,3652671,Tamaulipas,TAM
1045,29,2022,1395020,Tlaxcala,TLAX
1045,30,2022,8133233,Veracruz,VER
1045,31,2022,2420401,Yucatán,YUC
1045,32,2022,1667567,Zacatecas,ZAC
1045,00,2023,131135337,Nacional,Nacional
1045,01,2023,1510839,Aguascalientes,AGS
1045,02,2023,4010510,Baja California,BC
1045,03,2023,867766,Baja California Sur,BCS
1045,04,2023,950291,Campeche,CAMP
1045,05,2023,3316738,Coahuila,COAH
1045,06,2023,757405,Colima,COL
1045,07,2023,5946352,Chiapas,CHPS
1045,08,2023,3947936,Chihuahua,CHIH
1045,09,2023,9221637,Ciudad de México,CDMX
1045,10,2023,1899457,Durango,DGO
1045,11,2023,6422483,Guanajuato,GTO
1045,12,2023,3604215,Guerrero,GRO
1045,13,2023,3227801,Hidalgo,HGO
1045,14,2023,8735511,Jalisco,JAL
1045,15,2023,17501220,México,MEX
1045,16,2023,4950601,Michoacán,MICH
1045,17,2023,2030857,Morelos,MOR
1045,18,2023,1294124,Nayarit,NAY
1045,19,2023,6202153,Nuevo León,NL
1045,20,2023,4276769,Oaxaca,OAX
1045,21,2023,6907421,Puebla,PUE
1045,22,2023,2557915,Querétaro,QRO
1045,23,2023,2019606,Quintana Roo,QROO
1045,24,2023,2931052,San Luis Potosí,SLP
1045,25,2023,3142699,Sinaloa,SIN
1045,26,2023,3081734,Sonora,SON
1045,27,2023,2454787,Tabasco,TAB
1045,28,2023,3685588,Tamaulipas,TAM
1045,29,2023,1412895,Tlaxcala,TLAX
1045,30,2023,8131584,Veracruz,VER
1045,31,2023,2452378,Yucatán,YUC
1045,32,2023,1683013,Zacatecas,ZAC
1045,00,2024,132274416,Nacional,Nacional
1045,01,2024,1530185,Aguascalientes,AGS
1045,02,2024,4071872,Baja California,BC
1045,03,2024,886050,Baja California Sur,BCS
1045,04,2024,954659,Campeche,CAMP
1045,05,2024,3358991,Coahuila,COAH
1045,06,2024,762387,Colima,COL
1045,07,2024,6028154,Chiapas,CHPS
1045,08,2024,3996504,Chihuahua,CHIH
1045,09,2024,9204018,Ciudad de México,CDMX
1045,10,2024,1913774,Durango,DGO
1045,11,2024,6481538,Guanajuato,GTO
1045,12,2024,3606733,Guerrero,GRO
1045,13,2024,3264395,Hidalgo,HGO
1045,14,2024,8820915,Jalisco,JAL
1045,15,2024,17616018,México,MEX
1045,16,2024,4998654,Michoacán,MICH
1045,17,2024,2043884,Morelos,MOR
1045,18,2024,1309432,Nayarit,NAY
1045,19,2024,6308199,Nuevo León,NL
1045,20,2024,4308543,Oaxaca,OAX
1045,21,2024,6989402,Puebla,PUE
1045,22,2024,2606698,Querétaro,QRO
1045,23,2024,2061131,Quintana Roo,QROO
1045,24,2024,2955841,San Luis Potosí,SLP
1045,25,2024,3165686,Sinaloa,SIN
1045,26,2024,3111704,Sonora,SON
1045,27,2024,2461555,Tabasco,TAB
1045,28,2024,3717618,Tamaulipas,TAM
1045,29,2024,1430497,Tlaxcala,TLAX
1045,30,2024,8127727,Veracruz,VER
1045,31,2024,2483400,Yucatán,YUC
1045,32,2024,1698252,Zacatecas,ZAC
1045,00,2025,133367428,Nacional,Nacional
1045,01,2025,1549118,Aguascalientes,AGS
1045,02,2025,4131619,Baja California,BC
1045,03,2025,904052,Baja California Sur,BCS
1045,04,2025,958567,Campeche,CAMP
1045,05,2025,3400257,Coahuila,COAH
1045,06,2025,767105,Colima,COL
1045,07,2025,6107903,Chiapas,CHPS
1045,08,2025,4043130,Chihuahua,CHIH
1045,09,2025,9183658,Ciudad de México,CDMX
1045,10,2025,1927128,Durango,DGO
1045,11,2025,6537669,Guanajuato,GTO
1045,12,2025,3607434,Guerrero,GRO
1045,13,2025,3299857,Hidalgo,HGO
1045,14,2025,8903326,Jalisco,JAL
1045,15,2025,17723173,México,MEX
1045,16,2025,5045030,Michoacán,MICH
1045,17,2025,2056103,Morelos,MOR
1045,18,2025,1324282,Nayarit,NAY
1045,19,2025,6413123,Nuevo León,NL
1045,20,2025,4339377,Oaxaca,OAX
1045,21,2025,7070124,Puebla,PUE
1045,22,2025,2654421,Querétaro,QRO
1045,23,2025,2101638,Quintana Roo,QROO
1045,24,2025,2979775,San Luis Potosí,SLP
1045,25,2025,3187466,Sinaloa,SIN
1045,26,2025,3140762,Sonora,SON
1045,27,2025,2467519,Tabasco,TAB
1045,28,2025,3748419,Tamaulipas,TAM
1045,29,2025,1447721,Tlaxcala,TLAX
1045,30,2025,8121275,Veracruz,VER
1045,31,2025,2513461,Yucatán,YUC
1045,32,2025,1712936,Zacatecas,ZAC
1045,00,2026,134407258,Nacional,Nacional
1045,01,2026,1567559,Aguascalientes,AGS
1045,02,2026,4189285,Baja California,BC
1045,03,2026,921734,Baja California Sur,BCS
1045,04,2026,962014,Campeche,CAMP
1045,05,2026,3440385,Coahuila,COAH
1045,06,2026,771538,Colima,COL
1045,07,2026,6185469,Chiapas,CHPS
1045,08,2026,4087306,Chihuahua,CHIH
1045,09,2026,9159966,Ciudad de México,CDMX
1045,10,2026,1939482,Durango,DGO
1045,11,2026,6590749,Guanajuato,GTO
1045,12,2026,3606296,Guerrero,GRO
1045,13,2026,3334060,Hidalgo,HGO
1045,14,2026,8982027,Jalisco,JAL
1045,15,2026,17822420,México,MEX
1045,16,2026,5089383,Michoacán,MICH
1045,17,2026,2067472,Morelos,MOR
1045,18,2026,1338499,Nayarit,NAY
1045,19,2026,6516202,Nuevo León,NL
1045,20,2026,4368997,Oaxaca,OAX
1045,21,2026,7149139,Puebla,PUE
1045,22,2026,2700978,Querétaro,QRO
1045,23,2026,2141082,Quintana Roo,QROO
1045,24,2026,3002651,San Luis Potosí,SLP
1045,25,2026,3208039,Sinaloa,SIN
1045,26,2026,3168624,Sonora,SON
1045,27,2026,2472668,Tabasco,TAB
1045,28,2026,3777472,Tamaulipas,TAM
1045,29,2026,1464515,Tlaxcala,TLAX
1045,30,2026,8111813,Veracruz,VER
1045,31,2026,2542536,Yucatán,YUC
1045,32,2026,1726898,Zacatecas,ZAC
1045,00,2027,135391662,Nacional,Nacional
1045,01,2027,1585410,Aguascalientes,AGS
1045,02,2027,4244732,Baja California,BC
1045,03,2027,939102,Baja California Sur,BCS
1045,04,2027,965051,Campeche,CAMP
1045,05,2027,3479300,Coahuila,COAH
1045,06,2027,775673,Colima,COL
1045,07,2027,6260822,Chiapas,CHPS
1045,08,2027,4128864,Chihuahua,CHIH
1045,09,2027,9132734,Ciudad de México,CDMX
1045,10,2027,1950877,Durango,DGO
1045,11,2027,6640874,Guanajuato,GTO
1045,12,2027,3603402,Guerrero,GRO
1045,13,2027,3366905,Hidalgo,HGO
1045,14,2027,9056773,Jalisco,JAL
1045,15,2027,17914087,México,MEX
1045,16,2027,5131590,Michoacán,MICH
1045,17,2027,2078005,Morelos,MOR
1045,18,2027,1352022,Nayarit,NAY
1045,19,2027,6616988,Nuevo León,NL
1045,20,2027,4397325,Oaxaca,OAX
1045,21,2027,7226154,Puebla,PUE
1045,22,2027,2746349,Querétaro,QRO
1045,23,2027,2179491,Quintana Roo,QROO
1045,24,2027,3024414,San Luis Potosí,SLP
1045,25,2027,3227413,Sinaloa,SIN
1045,26,2027,3195036,Sonora,SON
1045,27,2027,2477039,Tabasco,TAB
1045,28,2027,3804401,Tamaulipas,TAM
1045,29,2027,1480840,Tlaxcala,TLAX
1045,30,2027,8099339,Veracruz,VER
1045,31,2027,2570628,Yucatán,YUC
1045,32,2027,1740022,Zacatecas,ZAC
1045,00,2028,136321595,Nacional,Nacional
1045,01,2028,1602622,Aguascalientes,AGS
1045,02,2028,4297963,Baja California,BC
1045,03,2028,956141,Baja California Sur,BCS
1045,04,2028,967715,Campeche,CAMP
1045,05,2028,3516975,Coahuila,COAH
1045,06,2028,779506,Colima,COL
1045,07,2028,6333970,Chiapas,CHPS
1045,08,2028,4167895,Chihuahua,CHIH
1045,09,2028,9102136,Ciudad de México,CDMX
1045,10,2028,1961397,Durango,DGO
1045,11,2028,6688163,Guanajuato,GTO
1045,12,2028,3598861,Guerrero,GRO
1045,13,2028,3398415,Hidalgo,HGO
1045,14,2028,9127766,Jalisco,JAL
1045,15,2028,17998317,México,MEX
1045,16,2028,5171696,Michoacán,MICH
1045,17,2028,2087704,Morelos,MOR
1045,18,2028,1364872,Nayarit,NAY
1045,19,2028,6715612,Nuevo León,NL
1045,20,2028,4424325,Oaxaca,OAX
1045,21,2028,7300938,Puebla,PUE
1045,22,2028,2790522,Querétaro,QRO
1045,23,2028,2216846,Quintana Roo,QROO
1045,24,2028,3045055,San Luis Potosí,SLP
1045,25,2028,3245497,Sinaloa,SIN
1045,26,2028,3219940,Sonora,SON
1045,27,2028,2480680,Tabasco,TAB
1045,28,2028,3829141,Tamaulipas,TAM
1045,29,2028,1496675,Tlaxcala,TLAX
1045,30,2028,8084145,Veracruz,VER
1045,31,2028,2597784,Yucatán,YUC
1045,32,2028,1752321,Zacatecas,ZAC
1045,00,2029,137200808,Nacional,Nacional
1045,01,2029,1619234,Aguascalientes,AGS
1045,02,2029,4349175,Baja California,BC
1045,03,2029,972848,Baja California Sur,BCS
1045,04,2029,970026,Campeche,CAMP
1045,05,2029,3553424,Coahuila,COAH
1045,06,2029,783071,Colima,COL
1045,07,2029,6405014,Chiapas,CHPS
1045,08,2029,4204699,Chihuahua,CHIH
1045,09,2029,9068610,Ciudad de México,CDMX
1045,10,2029,1971134,Durango,DGO
1045,11,2029,6732826,Guanajuato,GTO
1045,12,2029,3592828,Guerrero,GRO
1045,13,2029,3428676,Hidalgo,HGO
1045,14,2029,9195384,Jalisco,JAL
1045,15,2029,18075180,México,MEX
1045,16,2029,5209919,Michoacán,MICH
1045,17,2029,2096610,Morelos,MOR
1045,18,2029,1377107,Nayarit,NAY
1045,19,2029,6812406,Nuevo León,NL
1045,20,2029,4450098,Oaxaca,OAX
1045,21,2029,7373350,Puebla,PUE
1045,22,2029,2833525,Querétaro,QRO
1045,23,2029,2253155,Quintana Roo,QROO
1045,24,2029,3064653,San Luis Potosí,SLP
1045,25,2029,3262282,Sinaloa,SIN
1045,26,2029,3243529,Sonora,SON
1045,27,2029,2483584,Tabasco,TAB
1045,28,2029,3851993,Tamaulipas,TAM
1045,29,2029,1511977,Tlaxcala,TLAX
1045,30,2029,8066527,Veracruz,VER
1045,31,2029,2624106,Yucatán,YUC
1045,32,2029,1763858,Zacatecas,ZAC
1045,00,2030,138033990,Nacional,Nacional
1045,01,2030,1635311,Aguascalientes,AGS
1045,02,2030,4398675,Baja California,BC
1045,03,2030,989212,Baja California Sur,BCS
1045,04,2030,972005,Campeche,CAMP
1045,05,2030,3588772,Coahuila,COAH
1045,06,2030,786372,Colima,COL
1045,07,2030,6474118,Chiapas,CHPS
1045,08,2030,4239656,Chihuahua,CHIH
1045,09,2030,9032705,Ciudad de México,CDMX
1045,10,2030,1980271,Durango,DGO
1045,11,2030,6775172,Guanajuato,GTO
1045,12,2030,3585515,Guerrero,GRO
1045,13,2030,3457795,Hidalgo,HGO
1045,14,2030,9259907,Jalisco,JAL
1045,15,2030,18144619,México,MEX
1045,16,2030,5246516,Michoacán,MICH
1045,17,2030,2104741,Morelos,MOR
1045,18,2030,1388767,Nayarit,NAY
1045,19,2030,6907570,Nuevo León,NL
1045,20,2030,4474784,Oaxaca,OAX
1045,21,2030,7443370,Puebla,PUE
1045,22,2030,2875396,Querétaro,QRO
1045,23,2030,2288432,Quintana Roo,QROO
1045,24,2030,3083324,San Luis Potosí,SLP
1045,25,2030,3277779,Sinaloa,SIN
1045,26,2030,3266041,Sonora,SON
1045,27,2030,2485841,Tabasco,TAB
1045,28,2030,3873393,Tamaulipas,TAM
1045,29,2030,1526772,Tlaxcala,TLAX
1045,30,2030,8046710,Veracruz,VER
1045,31,2030,2649670,Yucatán,YUC
1045,32,2030,1774779,Zacatecas,ZAC
1045,00,2031,138825843,Nacional,Nacional
1045,01,2031,1650928,Aguascalientes,AGS
1045,02,2031,4446749,Baja California,BC
1045,03,2031,1005224,Baja California Sur,BCS
1045,04,2031,973713,Campeche,CAMP
1045,05,2031,3623144,Coahuila,COAH
1045,06,2031,789450,Colima,COL
1045,07,2031,6541466,Chiapas,CHPS
1045,08,2031,4273134,Chihuahua,CHIH
1045,09,2031,8994951,Ciudad de México,CDMX
1045,10,2031,1988913,Durango,DGO
1045,11,2031,6815482,Guanajuato,GTO
1045,12,2031,3577112,Guerrero,GRO
1045,13,2031,3485880,Hidalgo,HGO
1045,14,2031,9321688,Jalisco,JAL
1045,15,2031,18206922,México,MEX
1045,16,2031,5281812,Michoacán,MICH
1045,17,2031,2112159,Morelos,MOR
1045,18,2031,1399904,Nayarit,NAY
1045,19,2031,7001033,Nuevo León,NL
1045,20,2031,4498544,Oaxaca,OAX
1045,21,2031,7511018,Puebla,PUE
1045,22,2031,2916211,Querétaro,QRO
1045,23,2031,2322700,Quintana Roo,QROO
1045,24,2031,3101197,San Luis Potosí,SLP
1045,25,2031,3292115,Sinaloa,SIN
1045,26,2031,3287686,Sonora,SON
1045,27,2031,2487473,Tabasco,TAB
1045,28,2031,3893638,Tamaulipas,TAM
1045,29,2031,1541071,Tlaxcala,TLAX
1045,30,2031,8024784,Veracruz,VER
1045,31,2031,2674539,Yucatán,YUC
1045,32,2031,1785203,Zacatecas,ZAC
1045,00,2032,139580548,Nacional,Nacional
1045,01,2032,1666085,Aguascalientes,AGS
1045,02,2032,4493629,Baja California,BC
1045,03,2032,1020906,Baja California Sur,BCS
1045,04,2032,975157,Campeche,CAMP
1045,05,2032,3656634,Coahuila,COAH
1045,06,2032,792331,Colima,COL
1045,07,2032,6607243,Chiapas,CHPS
1045,08,2032,4305496,Chihuahua,CHIH
1045,09,2032,8955799,Ciudad de México,CDMX
1045,10,2032,1997160,Durango,DGO
1045,11,2032,6854058,Guanajuato,GTO
1045,12,2032,3567852,Guerrero,GRO
1045,13,2032,3512990,Hidalgo,HGO
1045,14,2032,9380983,Jalisco,JAL
1045,15,2032,18262430,México,MEX
1045,16,2032,5316053,Michoacán,MICH
1045,17,2032,2118919,Morelos,MOR
1045,18,2032,1410602,Nayarit,NAY
1045,19,2032,7092696,Nuevo León,NL
1045,20,2032,4521508,Oaxaca,OAX
1045,21,2032,7576366,Puebla,PUE
1045,22,2032,2955993,Querétaro,QRO
1045,23,2032,2355991,Quintana Roo,QROO
1045,24,2032,3118404,San Luis Potosí,SLP
1045,25,2032,3305398,Sinaloa,SIN
1045,26,2032,3308592,Sonora,SON
1045,27,2032,2488523,Tabasco,TAB
1045,28,2032,3912910,Tamaulipas,TAM
1045,29,2032,1554871,Tlaxcala,TLAX
1045,30,2032,8000944,Veracruz,VER
1045,31,2032,2698771,Yucatán,YUC
1045,32,2032,1795254,Zacatecas,ZAC
1045,00,2033,140301983,Nacional,Nacional
1045,01,2033,1680830,Aguascalientes,AGS
1045,02,2033,4539559,Baja California,BC
1045,03,2033,1036250,Baja California Sur,BCS
1045,04,2033,976355,Campeche,CAMP
1045,05,2033,3689320,Coahuila,COAH
1045,06,2033,795023,Colima,COL
1045,07,2033,6671649,Chiapas,CHPS
1045,08,2033,4337034,Chihuahua,CHIH
1045,09,2033,8915667,Ciudad de México,CDMX
1045,10,2033,2005128,Durango,DGO
1045,11,2033,6891128,Guanajuato,GTO
1045,12,2033,3557885,Guerrero,GRO
1045,13,2033,3539220,Hidalgo,HGO
1045,14,2033,9438200,Jalisco,JAL
1045,15,2033,18311333,México,MEX
1045,16,2033,5349496,Michoacán,MICH
1045,17,2033,2125047,Morelos,MOR
1045,18,2033,1420931,Nayarit,NAY
1045,19,2033,7182671,Nuevo León,NL
1045,20,2033,4543808,Oaxaca,OAX
1045,21,2033,7639432,Puebla,PUE
1045,22,2033,2994780,Querétaro,QRO
1045,23,2033,2388314,Quintana Roo,QROO
1045,24,2033,3135043,San Luis Potosí,SLP
1045,25,2033,3317769,Sinaloa,SIN
1045,26,2033,3328824,Sonora,SON
1045,27,2033,2488980,Tabasco,TAB
1045,28,2033,3931269,Tamaulipas,TAM
1045,29,2033,1568191,Tlaxcala,TLAX
1045,30,2033,7975409,Veracruz,VER
1045,31,2033,2722408,Yucatán,YUC
1045,32,2033,1805030,Zacatecas,ZAC
1045,00,2034,140993393,Nacional,Nacional
1045,01,2034,1695148,Aguascalientes,AGS
1045,02,2034,4584700,Baja California,BC
1045,03,2034,1051270,Baja California Sur,BCS
1045,04,2034,977343,Campeche,CAMP
1045,05,2034,3721262,Coahuila,COAH
1045,06,2034,797546,Colima,COL
1045,07,2034,6734796,Chiapas,CHPS
1045,08,2034,4367965,Chihuahua,CHIH
1045,09,2034,8874820,Ciudad de México,CDMX
1045,10,2034,2012866,Durango,DGO
1045,11,2034,6926905,Guanajuato,GTO
1045,12,2034,3547369,Guerrero,GRO
1045,13,2034,3564605,Hidalgo,HGO
1045,14,2034,9493580,Jalisco,JAL
1045,15,2034,18353793,México,MEX
1045,16,2034,5382323,Michoacán,MICH
1045,17,2034,2130568,Morelos,MOR
1045,18,2034,1430958,Nayarit,NAY
1045,19,2034,7271200,Nuevo León,NL
1045,20,2034,4565522,Oaxaca,OAX
1045,21,2034,7700285,Puebla,PUE
1045,22,2034,3032606,Querétaro,QRO
1045,23,2034,2419690,Quintana Roo,QROO
1045,24,2034,3151207,San Luis Potosí,SLP
1045,25,2034,3329307,Sinaloa,SIN
1045,26,2034,3348462,Sonora,SON
1045,27,2034,2488904,Tabasco,TAB
1045,28,2034,3948843,Tamaulipas,TAM
1045,29,2034,1581033,Tlaxcala,TLAX
1045,30,2034,7948420,Veracruz,VER
1045,31,2034,2745461,Yucatán,YUC
1045,32,2034,1814636,Zacatecas,ZAC
1045,00,2035,141656637,Nacional,Nacional
1045,01,2035,1709063,Aguascalientes,AGS
1045,02,2035,4629135,Baja California,BC
1045,03,2035,1065940,Baja California Sur,BCS
1045,04,2035,978118,Campeche,CAMP
1045,05,2035,3752478,Coahuila,COAH
1045,06,2035,799912,Colima,COL
1045,07,2035,6796803,Chiapas,CHPS
1045,08,2035,4398374,Chihuahua,CHIH
1045,09,2035,8833389,Ciudad de México,CDMX
1045,10,2035,2020424,Durango,DGO
1045,11,2035,6961532,Guanajuato,GTO
1045,12,2035,3536390,Guerrero,GRO
1045,13,2035,3589172,Hidalgo,HGO
1045,14,2035,9547250,Jalisco,JAL
1045,15,2035,18389911,México,MEX
1045,16,2035,5414658,Michoacán,MICH
1045,17,2035,2135527,Morelos,MOR
1045,18,2035,1440751,Nayarit,NAY
1045,19,2035,7358398,Nuevo León,NL
1045,20,2035,4586721,Oaxaca,OAX
1045,21,2035,7758971,Puebla,PUE
1045,22,2035,3069475,Querétaro,QRO
1045,23,2035,2450149,Quintana Roo,QROO
1045,24,2035,3166951,San Luis Potosí,SLP
1045,25,2035,3340055,Sinaloa,SIN
1045,26,2035,3367573,Sonora,SON
1045,27,2035,2488280,Tabasco,TAB
1045,28,2035,3965740,Tamaulipas,TAM
1045,29,2035,1593439,Tlaxcala,TLAX
1045,30,2035,7919983,Veracruz,VER
1045,31,2035,2767983,Yucatán,YUC
1045,32,2035,1824092,Zacatecas,ZAC
1045,00,2036,142291504,Nacional,Nacional
1045,01,2036,1722585,Aguascalientes,AGS
1045,02,2036,4672841,Baja California,BC
1045,03,2036,1080256,Baja California Sur,BCS
1045,04,2036,978666,Campeche,CAMP
1045,05,2036,3782961,Coahuila,COAH
1045,06,2036,802097,Colima,COL
1045,07,2036,6857730,Chiapas,CHPS
1045,08,2036,4428219,Chihuahua,CHIH
1045,09,2036,8791338,Ciudad de México,CDMX
1045,10,2036,2027806,Durango,DGO
1045,11,2036,6994993,Guanajuato,GTO
1045,12,2036,3524990,Guerrero,GRO
1045,13,2036,3612887,Hidalgo,HGO
1045,14,2036,9599196,Jalisco,JAL
1045,15,2036,18419703,México,MEX
1045,16,2036,5446534,Michoacán,MICH
1045,17,2036,2139931,Morelos,MOR
1045,18,2036,1450282,Nayarit,NAY
1045,19,2036,7444182,Nuevo León,NL
1045,20,2036,4607374,Oaxaca,OAX
1045,21,2036,7815493,Puebla,PUE
1045,22,2036,3105380,Querétaro,QRO
1045,23,2036,2479714,Quintana Roo,QROO
1045,24,2036,3182250,San Luis Potosí,SLP
1045,25,2036,3349997,Sinaloa,SIN
1045,26,2036,3386124,Sonora,SON
1045,27,2036,2487106,Tabasco,TAB
1045,28,2036,3981984,Tamaulipas,TAM
1045,29,2036,1605399,Tlaxcala,TLAX
1045,30,2036,7890157,Veracruz,VER
1045,31,2036,2789953,Yucatán,YUC
1045,32,2036,1833376,Zacatecas,ZAC
1045,00,2037,142895488,Nacional,Nacional
1045,01,2037,1735670,Aguascalientes,AGS
1045,02,2037,4715623,Baja California,BC
1045,03,2037,1094209,Baja California Sur,BCS
1045,04,2037,979003,Campeche,CAMP
1045,05,2037,3812606,Coahuila,COAH
1045,06,2037,804107,Colima,COL
1045,07,2037,6917562,Chiapas,CHPS
1045,08,2037,4457258,Chihuahua,CHIH
1045,09,2037,8748390,Ciudad de México,CDMX
1045,10,2037,2034918,Durango,DGO
1045,11,2037,7027212,Guanajuato,GTO
1045,12,2037,3513120,Guerrero,GRO
1045,13,2037,3635667,Hidalgo,HGO
1045,14,2037,9649233,Jalisco,JAL
1045,15,2037,18443141,México,MEX
1045,16,2037,5477783,Michoacán,MICH
1045,17,2037,2143765,Morelos,MOR
1045,18,2037,1459533,Nayarit,NAY
1045,19,2037,7528353,Nuevo León,NL
1045,20,2037,4627358,Oaxaca,OAX
1045,21,2037,7869856,Puebla,PUE
1045,22,2037,3140275,Querétaro,QRO
1045,23,2037,2508342,Quintana Roo,QROO
1045,24,2037,3197058,San Luis Potosí,SLP
1045,25,2037,3359079,Sinaloa,SIN
1045,26,2037,3404008,Sonora,SON
1045,27,2037,2485365,Tabasco,TAB
1045,28,2037,3997456,Tamaulipas,TAM
1045,29,2037,1616936,Tlaxcala,TLAX
1045,30,2037,7858836,Veracruz,VER
1045,31,2037,2811348,Yucatán,YUC
1045,32,2037,1842418,Zacatecas,ZAC
1045,00,2038,143464237,Nacional,Nacional
1045,01,2038,1748298,Aguascalientes,AGS
1045,02,2038,4757183,Baja California,BC
1045,03,2038,1107784,Baja California Sur,BCS
1045,04,2038,979101,Campeche,CAMP
1045,05,2038,3841300,Coahuila,COAH
1045,06,2038,805894,Colima,COL
1045,07,2038,6976225,Chiapas,CHPS
1045,08,2038,4485106,Chihuahua,CHIH
1045,09,2038,8704119,Ciudad de México,CDMX
1045,10,2038,2041646,Durango,DGO
1045,11,2038,7057973,Guanajuato,GTO
1045,12,2038,3500706,Guerrero,GRO
1045,13,2038,3657377,Hidalgo,HGO
1045,14,2038,9697072,Jalisco,JAL
1045,15,2038,18460186,México,MEX
1045,16,2038,5508169,Michoacán,MICH
1045,17,2038,2146982,Morelos,MOR
1045,18,2038,1468462,Nayarit,NAY
1045,19,2038,7610695,Nuevo León,NL
1045,20,2038,4646508,Oaxaca,OAX
1045,21,2038,7921931,Puebla,PUE
1045,22,2038,3174074,Querétaro,QRO
1045,23,2038,2536024,Quintana Roo,QROO
1045,24,2038,3211220,San Luis Potosí,SLP
1045,25,2038,3367200,Sinaloa,SIN
1045,26,2038,3421009,Sonora,SON
1045,27,2038,2483031,Tabasco,TAB
1045,28,2038,4011805,Tamaulipas,TAM
1045,29,2038,1628028,Tlaxcala,TLAX
1045,30,2038,7825942,Veracruz,VER
1045,31,2038,2832108,Yucatán,YUC
1045,32,2038,1851079,Zacatecas,ZAC
1045,00,2039,143992746,Nacional,Nacional
1045,01,2039,1760380,Aguascalientes,AGS
1045,02,2039,4797179,Baja California,BC
1045,03,2039,1120961,Baja California Sur,BCS
1045,04,2039,978967,Campeche,CAMP
1045,05,2039,3868885,Coahuila,COAH
1045,06,2039,807457,Colima,COL
1045,07,2039,7033597,Chiapas,CHPS
1045,08,2039,4511338,Chihuahua,CHIH
1045,09,2039,8657948,Ciudad de México,CDMX
1045,10,2039,2047900,Durango,DGO
1045,11,2039,7087070,Guanajuato,GTO
1045,12,2039,3487635,Guerrero,GRO
1045,13,2039,3677883,Hidalgo,HGO
1045,14,2039,9742320,Jalisco,JAL
1045,15,2039,18470723,México,MEX
1045,16,2039,5537340,Michoacán,MICH
1045,17,2039,2149533,Morelos,MOR
1045,18,2039,1476975,Nayarit,NAY
1045,19,2039,7691081,Nuevo León,NL
1045,20,2039,4664608,Oaxaca,OAX
1045,21,2039,7971627,Puebla,PUE
1045,22,2039,3206723,Querétaro,QRO
1045,23,2039,2562745,Quintana Roo,QROO
1045,24,2039,3224630,San Luis Potosí,SLP
1045,25,2039,3374237,Sinaloa,SIN
1045,26,2039,3436876,Sonora,SON
1045,27,2039,2480083,Tabasco,TAB
1045,28,2039,4024696,Tamaulipas,TAM
1045,29,2039,1638670,Tlaxcala,TLAX
1045,30,2039,7791323,Veracruz,VER
1045,31,2039,2852160,Yucatán,YUC
1045,32,2039,1859196,Zacatecas,ZAC
1045,00,2040,144476530,Nacional,Nacional
1045,01,2040,1771901,Aguascalientes,AGS
1045,02,2040,4835262,Baja California,BC
1045,03,2040,1133706,Baja California Sur,BCS
1045,04,2040,978565,Campeche,CAMP
1045,05,2040,3895230,Coahuila,COAH
1045,06,2040,808766,Colima,COL
1045,07,2040,7089579,Chiapas,CHPS
1045,08,2040,4535538,Chihuahua,CHIH
1045,09,2040,8609423,Ciudad de México,CDMX
1045,10,2040,2053521,Durango,DGO
1045,11,2040,7114271,Guanajuato,GTO
1045,12,2040,3473786,Guerrero,GRO
1045,13,2040,3697074,Hidalgo,HGO
1045,14,2040,9784753,Jalisco,JAL
1045,15,2040,18474722,México,MEX
1045,16,2040,5564993,Michoacán,MICH
1045,17,2040,2151373,Morelos,MOR
1045,18,2040,1485018,Nayarit,NAY
1045,19,2040,7769371,Nuevo León,NL
1045,20,2040,4681456,Oaxaca,OAX
1045,21,2040,8018826,Puebla,PUE
1045,22,2040,3238119,Querétaro,QRO
1045,23,2040,2588480,Quintana Roo,QROO
1045,24,2040,3237127,San Luis Potosí,SLP
1045,25,2040,3380119,Sinaloa,SIN
1045,26,2040,3451421,Sonora,SON
1045,27,2040,2476480,Tabasco,TAB
1045,28,2040,4035864,Tamaulipas,TAM
1045,29,2040,1648857,Tlaxcala,TLAX
1045,30,2040,7754836,Veracruz,VER
1045,31,2040,2871457,Yucatán,YUC
1045,32,2040,1866636,Zacatecas,ZAC
1045,00,2041,144912929,Nacional,Nacional
1045,01,2041,1782805,Aguascalientes,AGS
1045,02,2041,4871246,Baja California,BC
1045,03,2041,1146026,Baja California Sur,BCS
1045,04,2041,977893,Campeche,CAMP
1045,05,2041,3920251,Coahuila,COAH
1045,06,2041,809788,Colima,COL
1045,07,2041,7144081,Chiapas,CHPS
1045,08,2041,4557477,Chihuahua,CHIH
1045,09,2041,8558319,Ciudad de México,CDMX
1045,10,2041,2058471,Durango,DGO
1045,11,2041,7139414,Guanajuato,GTO
1045,12,2041,3459130,Guerrero,GRO
1045,13,2041,3714856,Hidalgo,HGO
1045,14,2041,9824040,Jalisco,JAL
1045,15,2041,18472131,México,MEX
1045,16,2041,5591017,Michoacán,MICH
1045,17,2041,2152475,Morelos,MOR
1045,18,2041,1492543,Nayarit,NAY
1045,19,2041,7845453,Nuevo León,NL
1045,20,2041,4696961,Oaxaca,OAX
1045,21,2041,8063509,Puebla,PUE
1045,22,2041,3268222,Querétaro,QRO
1045,23,2041,2613201,Quintana Roo,QROO
1045,24,2041,3248625,San Luis Potosí,SLP
1045,25,2041,3384796,Sinaloa,SIN
1045,26,2041,3464542,Sonora,SON
1045,27,2041,2472217,Tabasco,TAB
1045,28,2041,4045182,Tamaulipas,TAM
1045,29,2041,1658593,Tlaxcala,TLAX
1045,30,2041,7716441,Veracruz,VER
1045,31,2041,2889932,Yucatán,YUC
1045,32,2041,1873292,Zacatecas,ZAC
1045,00,2042,145301351,Nacional,Nacional
1045,01,2042,1793128,Aguascalientes,AGS
1045,02,2042,4905097,Baja California,BC
1045,03,2042,1157904,Baja California Sur,BCS
1045,04,2042,976951,Campeche,CAMP
1045,05,2042,3943942,Coahuila,COAH
1045,06,2042,810542,Colima,COL
1045,07,2042,7197086,Chiapas,CHPS
1045,08,2042,4577079,Chihuahua,CHIH
1045,09,2042,8504596,Ciudad de México,CDMX
1045,10,2042,2062694,Durango,DGO
1045,11,2042,7162440,Guanajuato,GTO
1045,12,2042,3443630,Guerrero,GRO
1045,13,2042,3731198,Hidalgo,HGO
1045,14,2042,9860136,Jalisco,JAL
1045,15,2042,18463052,México,MEX
1045,16,2042,5615357,Michoacán,MICH
1045,17,2042,2152812,Morelos,MOR
1045,18,2042,1499543,Nayarit,NAY
1045,19,2042,7919224,Nuevo León,NL
1045,20,2042,4711081,Oaxaca,OAX
1045,21,2042,8105701,Puebla,PUE
1045,22,2042,3297032,Querétaro,QRO
1045,23,2042,2636904,Quintana Roo,QROO
1045,24,2042,3259139,San Luis Potosí,SLP
1045,25,2042,3388276,Sinaloa,SIN
1045,26,2042,3476205,Sonora,SON
1045,27,2042,2467283,Tabasco,TAB
1045,28,2042,4052626,Tamaulipas,TAM
1045,29,2042,1667859,Tlaxcala,TLAX
1045,30,2042,7676060,Veracruz,VER
1045,31,2042,2907592,Yucatán,YUC
1045,32,2042,1879182,Zacatecas,ZAC
1045,00,2043,145642911,Nacional,Nacional
1045,01,2043,1802833,Aguascalientes,AGS
1045,02,2043,4936851,Baja California,BC
1045,03,2043,1169328,Baja California Sur,BCS
1045,04,2043,975750,Campeche,CAMP
1045,05,2043,3966322,Coahuila,COAH
1045,06,2043,811011,Colima,COL
1045,07,2043,7248555,Chiapas,CHPS
1045,08,2043,4594444,Chihuahua,CHIH
1045,09,2043,8448448,Ciudad de México,CDMX
1045,10,2043,2066215,Durango,DGO
1045,11,2043,7183398,Guanajuato,GTO
1045,12,2043,3427341,Guerrero,GRO
1045,13,2043,3746139,Hidalgo,HGO
1045,14,2043,9893126,Jalisco,JAL
1045,15,2043,18447557,México,MEX
1045,16,2043,5638073,Michoacán,MICH
1045,17,2043,2152443,Morelos,MOR
1045,18,2043,1506021,Nayarit,NAY
1045,19,2043,7990666,Nuevo León,NL
1045,20,2043,4723855,Oaxaca,OAX
1045,21,2043,8145492,Puebla,PUE
1045,22,2043,3324530,Querétaro,QRO
1045,23,2043,2659572,Quintana Roo,QROO
1045,24,2043,3268672,San Luis Potosí,SLP
1045,25,2043,3390602,Sinaloa,SIN
1045,26,2043,3486471,Sonora,SON
1045,27,2043,2461700,Tabasco,TAB
1045,28,2043,4058261,Tamaulipas,TAM
1045,29,2043,1676678,Tlaxcala,TLAX
1045,30,2043,7633840,Veracruz,VER
1045,31,2043,2924392,Yucatán,YUC
1045,32,2043,1884325,Zacatecas,ZAC
1045,00,2044,145939797,Nacional,Nacional
1045,01,2044,1811950,Aguascalientes,AGS
1045,02,2044,4966606,Baja California,BC
1045,03,2044,1180307,Baja California Sur,BCS
1045,04,2044,974280,Campeche,CAMP
1045,05,2044,3987422,Coahuila,COAH
1045,06,2044,811224,Colima,COL
1045,07,2044,7298541,Chiapas,CHPS
1045,08,2044,4609772,Chihuahua,CHIH
1045,09,2044,8390214,Ciudad de México,CDMX
1045,10,2044,2069060,Durango,DGO
1045,11,2044,7202320,Guanajuato,GTO
1045,12,2044,3410288,Guerrero,GRO
1045,13,2044,3759713,Hidalgo,HGO
1045,14,2044,9923152,Jalisco,JAL
1045,15,2044,18425937,México,MEX
1045,16,2044,5659284,Michoacán,MICH
1045,17,2044,2151365,Morelos,MOR
1045,18,2044,1512035,Nayarit,NAY
1045,19,2044,8059802,Nuevo León,NL
1045,20,2044,4735387,Oaxaca,OAX
1045,21,2044,8182970,Puebla,PUE
1045,22,2044,3350718,Querétaro,QRO
1045,23,2044,2681207,Quintana Roo,QROO
1045,24,2044,3277296,San Luis Potosí,SLP
1045,25,2044,3391814,Sinaloa,SIN
1045,26,2044,3495422,Sonora,SON
1045,27,2044,2455451,Tabasco,TAB
1045,28,2044,4062199,Tamaulipas,TAM
1045,29,2044,1685041,Tlaxcala,TLAX
1045,30,2044,7589871,Veracruz,VER
1045,31,2044,2940342,Yucatán,YUC
1045,32,2044,1888807,Zacatecas,ZAC
1045,00,2045,146194887,Nacional,Nacional
1045,01,2045,1820528,Aguascalientes,AGS
1045,02,2045,4994554,Baja California,BC
1045,03,2045,1190846,Baja California Sur,BCS
1045,04,2045,972559,Campeche,CAMP
1045,05,2045,4007293,Coahuila,COAH
1045,06,2045,811192,Colima,COL
1045,07,2045,7347056,Chiapas,CHPS
1045,08,2045,4623300,Chihuahua,CHIH
1045,09,2045,8330174,Ciudad de México,CDMX
1045,10,2045,2071301,Durango,DGO
1045,11,2045,7219325,Guanajuato,GTO
1045,12,2045,3392596,Guerrero,GRO
1045,13,2045,3772000,Hidalgo,HGO
1045,14,2045,9950380,Jalisco,JAL
1045,15,2045,18398259,México,MEX
1045,16,2045,5679166,Michoacán,MICH
1045,17,2045,2149622,Morelos,MOR
1045,18,2045,1517598,Nayarit,NAY
1045,19,2045,8126722,Nuevo León,NL
1045,20,2045,4745780,Oaxaca,OAX
1045,21,2045,8218257,Puebla,PUE
1045,22,2045,3375651,Querétaro,QRO
1045,23,2045,2701803,Quintana Roo,QROO
1045,24,2045,3285107,San Luis Potosí,SLP
1045,25,2045,3391994,Sinaloa,SIN
1045,26,2045,3503206,Sonora,SON
1045,27,2045,2448576,Tabasco,TAB
1045,28,2045,4064622,Tamaulipas,TAM
1045,29,2045,1692976,Tlaxcala,TLAX
1045,30,2045,7544287,Veracruz,VER
1045,31,2045,2955449,Yucatán,YUC
1045,32,2045,1892708,Zacatecas,ZAC
1045,00,2046,146411280,Nacional,Nacional
1045,01,2046,1828550,Aguascalientes,AGS
1045,02,2046,5020892,Baja California,BC
1045,03,2046,1200931,Baja California Sur,BCS
1045,04,2046,970580,Campeche,CAMP
1045,05,2046,4026014,Coahuila,COAH
1045,06,2046,810931,Colima,COL
1045,07,2046,7394164,Chiapas,CHPS
1045,08,2046,4635312,Chihuahua,CHIH
1045,09,2046,8268758,Ciudad de México,CDMX
1045,10,2046,2072973,Durango,DGO
1045,11,2046,7234532,Guanajuato,GTO
1045,12,2046,3374330,Guerrero,GRO
1045,13,2046,3783069,Hidalgo,HGO
1045,14,2046,9975039,Jalisco,JAL
1045,15,2046,18364735,México,MEX
1045,16,2046,5697882,Michoacán,MICH
1045,17,2046,2147256,Morelos,MOR
1045,18,2046,1522769,Nayarit,NAY
1045,19,2046,8191517,Nuevo León,NL
1045,20,2046,4755163,Oaxaca,OAX
1045,21,2046,8251475,Puebla,PUE
1045,22,2046,3399320,Querétaro,QRO
1045,23,2046,2721362,Quintana Roo,QROO
1045,24,2046,3292177,San Luis Potosí,SLP
1045,25,2046,3391210,Sinaloa,SIN
1045,26,2046,3509946,Sonora,SON
1045,27,2046,2441073,Tabasco,TAB
1045,28,2046,4065747,Tamaulipas,TAM
1045,29,2046,1700467,Tlaxcala,TLAX
1045,30,2046,7497226,Veracruz,VER
1045,31,2046,2969725,Yucatán,YUC
1045,32,2046,1896155,Zacatecas,ZAC
1045,00,2047,146592205,Nacional,Nacional
1045,01,2047,1836095,Aguascalientes,AGS
1045,02,2047,5045821,Baja California,BC
1045,03,2047,1210589,Baja California Sur,BCS
1045,04,2047,968372,Campeche,CAMP
1045,05,2047,4043690,Coahuila,COAH
1045,06,2047,810462,Colima,COL
1045,07,2047,7439905,Chiapas,CHPS
1045,08,2047,4646053,Chihuahua,CHIH
1045,09,2047,8206293,Ciudad de México,CDMX
1045,10,2047,2074186,Durango,DGO
1045,11,2047,7248035,Guanajuato,GTO
1045,12,2047,3355553,Guerrero,GRO
1045,13,2047,3792968,Hidalgo,HGO
1045,14,2047,9997348,Jalisco,JAL
1045,15,2047,18325584,México,MEX
1045,16,2047,5715624,Michoacán,MICH
1045,17,2047,2144313,Morelos,MOR
1045,18,2047,1527588,Nayarit,NAY
1045,19,2047,8254259,Nuevo León,NL
1045,20,2047,4763667,Oaxaca,OAX
1045,21,2047,8282750,Puebla,PUE
1045,22,2047,3421759,Querétaro,QRO
1045,23,2047,2739886,Quintana Roo,QROO
1045,24,2047,3298595,San Luis Potosí,SLP
1045,25,2047,3389553,Sinaloa,SIN
1045,26,2047,3515793,Sonora,SON
1045,27,2047,2432960,Tabasco,TAB
1045,28,2047,4065745,Tamaulipas,TAM
1045,29,2047,1707529,Tlaxcala,TLAX
1045,30,2047,7448820,Veracruz,VER
1045,31,2047,2983181,Yucatán,YUC
1045,32,2047,1899229,Zacatecas,ZAC
1045,00,2048,146740307,Nacional,Nacional
1045,01,2048,1843157,Aguascalientes,AGS
1045,02,2048,5069469,Baja California,BC
1045,03,2048,1219819,Baja California Sur,BCS
1045,04,2048,965939,Campeche,CAMP
1045,05,2048,4060358,Coahuila,COAH
1045,06,2048,809812,Colima,COL
1045,07,2048,7484319,Chiapas,CHPS
1045,08,2048,4655759,Chihuahua,CHIH
1045,09,2048,8143126,Ciudad de México,CDMX
1045,10,2048,2074986,Durango,DGO
1045,11,2048,7259994,Guanajuato,GTO
1045,12,2048,3336362,Guerrero,GRO
1045,13,2048,3801791,Hidalgo,HGO
1045,14,2048,10017500,Jalisco,JAL
1045,15,2048,18280919,México,MEX
1045,16,2048,5732524,Michoacán,MICH
1045,17,2048,2140820,Morelos,MOR
1045,18,2048,1532100,Nayarit,NAY
1045,19,2048,8314969,Nuevo León,NL
1045,20,2048,4771367,Oaxaca,OAX
1045,21,2048,8312168,Puebla,PUE
1045,22,2048,3443005,Querétaro,QRO
1045,23,2048,2757379,Quintana Roo,QROO
1045,24,2048,3304460,San Luis Potosí,SLP
1045,25,2048,3387065,Sinaloa,SIN
1045,26,2048,3520857,Sonora,SON
1045,27,2048,2424279,Tabasco,TAB
1045,28,2048,4064769,Tamaulipas,TAM
1045,29,2048,1714168,Tlaxcala,TLAX
1045,30,2048,7399222,Veracruz,VER
1045,31,2048,2995834,Yucatán,YUC
1045,32,2048,1902011,Zacatecas,ZAC
1045,00,2049,146857365,Nacional,Nacional
1045,01,2049,1849749,Aguascalientes,AGS
1045,02,2049,5091977,Baja California,BC
1045,03,2049,1228628,Baja California Sur,BCS
1045,04,2049,963258,Campeche,CAMP
1045,05,2049,4076085,Coahuila,COAH
1045,06,2049,808975,Colima,COL
1045,07,2049,7527437,Chiapas,CHPS
1045,08,2049,4664564,Chihuahua,CHIH
1045,09,2049,8079472,Ciudad de México,CDMX
1045,10,2049,2075382,Durango,DGO
1045,11,2049,7270442,Guanajuato,GTO
1045,12,2049,3316777,Guerrero,GRO
1045,13,2049,3809557,Hidalgo,HGO
1045,14,2049,10035595,Jalisco,JAL
1045,15,2049,18230939,México,MEX
1045,16,2049,5748734,Michoacán,MICH
1045,17,2049,2136799,Morelos,MOR
1045,18,2049,1536312,Nayarit,NAY
1045,19,2049,8373661,Nuevo León,NL
1045,20,2049,4778366,Oaxaca,OAX
1045,21,2049,8339789,Puebla,PUE
1045,22,2049,3463038,Querétaro,QRO
1045,23,2049,2773823,Quintana Roo,QROO
1045,24,2049,3309797,San Luis Potosí,SLP
1045,25,2049,3383818,Sinaloa,SIN
1045,26,2049,3525225,Sonora,SON
1045,27,2049,2415059,Tabasco,TAB
1045,28,2049,4062949,Tamaulipas,TAM
1045,29,2049,1720405,Tlaxcala,TLAX
1045,30,2049,7348507,Veracruz,VER
1045,31,2049,3007668,Yucatán,YUC
1045,32,2049,1904578,Zacatecas,ZAC
1045,00,2050,146943948,Nacional,Nacional
1045,01,2050,1855894,Aguascalientes,AGS
1045,02,2050,5113344,Baja California,BC
1045,03,2050,1237008,Baja California Sur,BCS
1045,04,2050,960376,Campeche,CAMP
1045,05,2050,4090838,Coahuila,COAH
1045,06,2050,807959,Colima,COL
1045,07,2050,7569222,Chiapas,CHPS
1045,08,2050,4672511,Chihuahua,CHIH
1045,09,2050,8015397,Ciudad de México,CDMX
1045,10,2050,2075409,Durango,DGO
1045,11,2050,7279397,Guanajuato,GTO
1045,12,2050,3296844,Guerrero,GRO
1045,13,2050,3816291,Hidalgo,HGO
1045,14,2050,10051671,Jalisco,JAL
1045,15,2050,18175667,México,MEX
1045,16,2050,5764225,Michoacán,MICH
1045,17,2050,2132286,Morelos,MOR
1045,18,2050,1540229,Nayarit,NAY
1045,19,2050,8430362,Nuevo León,NL
1045,20,2050,4784680,Oaxaca,OAX
1045,21,2050,8365647,Puebla,PUE
1045,22,2050,3481887,Querétaro,QRO
1045,23,2050,2789223,Quintana Roo,QROO
1045,24,2050,3314633,San Luis Potosí,SLP
1045,25,2050,3379812,Sinaloa,SIN
1045,26,2050,3528916,Sonora,SON
1045,27,2050,2405281,Tabasco,TAB
1045,28,2050,4060338,Tamaulipas,TAM
1045,29,2050,1726227,Tlaxcala,TLAX
1045,30,2050,7296743,Veracruz,VER
1045,31,2050,3018687,Yucatán,YUC
1045,32,2050,1906944,Zacatecas,ZAC
1045,00,2051,146999649,Nacional,Nacional
1045,01,2051,1861569,Aguascalientes,AGS
1045,02,2051,5133533,Baja California,BC
1045,03,2051,1244958,Baja California Sur,BCS
1045,04,2051,957252,Campeche,CAMP
1045,05,2051,4104640,Coahuila,COAH
1045,06,2051,806771,Colima,COL
1045,07,2051,7609630,Chiapas,CHPS
1045,08,2051,4679567,Chihuahua,CHIH
1045,09,2051,7950868,Ciudad de México,CDMX
1045,10,2051,2075048,Durango,DGO
1045,11,2051,7286816,Guanajuato,GTO
1045,12,2051,3276536,Guerrero,GRO
1045,13,2051,3821973,Hidalgo,HGO
1045,14,2051,10065711,Jalisco,JAL
1045,15,2051,18115295,México,MEX
1045,16,2051,5778954,Michoacán,MICH
1045,17,2051,2127275,Morelos,MOR
1045,18,2051,1543860,Nayarit,NAY
1045,19,2051,8484990,Nuevo León,NL
1045,20,2051,4790290,Oaxaca,OAX
1045,21,2051,8389705,Puebla,PUE
1045,22,2051,3499524,Querétaro,QRO
1045,23,2051,2803564,Quintana Roo,QROO
1045,24,2051,3318937,San Luis Potosí,SLP
1045,25,2051,3375047,Sinaloa,SIN
1045,26,2051,3531919,Sonora,SON
1045,27,2051,2394994,Tabasco,TAB
1045,28,2051,4056866,Tamaulipas,TAM
1045,29,2051,1731615,Tlaxcala,TLAX
1045,30,2051,7243960,Veracruz,VER
1045,31,2051,3028876,Yucatán,YUC
1045,32,2051,1909106,Zacatecas,ZAC
1045,00,2052,147022927,Nacional,Nacional
1045,01,2052,1866757,Aguascalientes,AGS
1045,02,2052,5152429,Baja California,BC
1045,03,2052,1252472,Baja California Sur,BCS
1045,04,2052,953919,Campeche,CAMP
1045,05,2052,4117434,Coahuila,COAH
1045,06,2052,805389,Colima,COL
1045,07,2052,7648595,Chiapas,CHPS
1045,08,2052,4685580,Chihuahua,CHIH
1045,09,2052,7885723,Ciudad de México,CDMX
1045,10,2052,2074283,Durango,DGO
1045,11,2052,7292631,Guanajuato,GTO
1045,12,2052,3255837,Guerrero,GRO
1045,13,2052,3826582,Hidalgo,HGO
1045,14,2052,10077570,Jalisco,JAL
1045,15,2052,18049843,México,MEX
1045,16,2052,5792791,Michoacán,MICH
1045,17,2052,2121740,Morelos,MOR
1045,18,2052,1547169,Nayarit,NAY
1045,19,2052,8537503,Nuevo León,NL
1045,20,2052,4795140,Oaxaca,OAX
1045,21,2052,8411915,Puebla,PUE
1045,22,2052,3515920,Querétaro,QRO
1045,23,2052,2816848,Quintana Roo,QROO
1045,24,2052,3322667,San Luis Potosí,SLP
1045,25,2052,3369502,Sinaloa,SIN
1045,26,2052,3534163,Sonora,SON
1045,27,2052,2384179,Tabasco,TAB
1045,28,2052,4052456,Tamaulipas,TAM
1045,29,2052,1736570,Tlaxcala,TLAX
1045,30,2052,7190131,Veracruz,VER
1045,31,2052,3038198,Yucatán,YUC
1045,32,2052,1910991,Zacatecas,ZAC
1045,00,2053,147011306,Nacional,Nacional
1045,01,2053,1871446,Aguascalientes,AGS
1045,02,2053,5169833,Baja California,BC
1045,03,2053,1259524,Baja California Sur,BCS
1045,04,2053,950363,Campeche,CAMP
1045,05,2053,4129165,Coahuila,COAH
1045,06,2053,803830,Colima,COL
1045,07,2053,7686007,Chiapas,CHPS
1045,08,2053,4690312,Chihuahua,CHIH
1045,09,2053,7819671,Ciudad de México,CDMX
1045,10,2053,2073047,Durango,DGO
1045,11,2053,7296695,Guanajuato,GTO
1045,12,2053,3234674,Guerrero,GRO
1045,13,2053,3830052,Hidalgo,HGO
1045,14,2053,10087061,Jalisco,JAL
1045,15,2053,17979377,México,MEX
1045,16,2053,5805543,Michoacán,MICH
1045,17,2053,2115676,Morelos,MOR
1045,18,2053,1550108,Nayarit,NAY
1045,19,2053,8587753,Nuevo León,NL
1045,20,2053,4799100,Oaxaca,OAX
1045,21,2053,8432167,Puebla,PUE
1045,22,2053,3531057,Querétaro,QRO
1045,23,2053,2829064,Quintana Roo,QROO
1045,24,2053,3325755,San Luis Potosí,SLP
1045,25,2053,3363134,Sinaloa,SIN
1045,26,2053,3535561,Sonora,SON
1045,27,2053,2372849,Tabasco,TAB
1045,28,2053,4046977,Tamaulipas,TAM
1045,29,2053,1741101,Tlaxcala,TLAX
1045,30,2053,7135231,Veracruz,VER
1045,31,2053,3046667,Yucatán,YUC
1045,32,2053,1912506,Zacatecas,ZAC
1045,00,2054,146961870,Nacional,Nacional
1045,01,2054,1875621,Aguascalientes,AGS
1045,02,2054,5185539,Baja California,BC
1045,03,2054,1266130,Baja California Sur,BCS
1045,04,2054,946584,Campeche,CAMP
1045,05,2054,4139778,Coahuila,COAH
1045,06,2054,802065,Colima,COL
1045,07,2054,7721767,Chiapas,CHPS
1045,08,2054,4693504,Chihuahua,CHIH
1045,09,2054,7752390,Ciudad de México,CDMX
1045,10,2054,2071295,Durango,DGO
1045,11,2054,7298873,Guanajuato,GTO
1045,12,2054,3212995,Guerrero,GRO
1045,13,2054,3832333,Hidalgo,HGO
1045,14,2054,10093962,Jalisco,JAL
1045,15,2054,17903867,México,MEX
1045,16,2054,5817029,Michoacán,MICH
1045,17,2054,2109057,Morelos,MOR
1045,18,2054,1552627,Nayarit,NAY
1045,19,2054,8635617,Nuevo León,NL
1045,20,2054,4802060,Oaxaca,OAX
1045,21,2054,8450337,Puebla,PUE
1045,22,2054,3544890,Querétaro,QRO
1045,23,2054,2840214,Quintana Roo,QROO
1045,24,2054,3328058,San Luis Potosí,SLP
1045,25,2054,3355875,Sinaloa,SIN
1045,26,2054,3535977,Sonora,SON
1045,27,2054,2361015,Tabasco,TAB
1045,28,2054,4040273,Tamaulipas,TAM
1045,29,2054,1745178,Tlaxcala,TLAX
1045,30,2054,7079190,Veracruz,VER
1045,31,2054,3054202,Yucatán,YUC
1045,32,2054,1913568,Zacatecas,ZAC
1045,00,2055,146872208,Nacional,Nacional
1045,01,2055,1879231,Aguascalientes,AGS
1045,02,2055,5199382,Baja California,BC
1045,03,2055,1272266,Baja California Sur,BCS
1045,04,2055,942579,Campeche,CAMP
1045,05,2055,4149181,Coahuila,COAH
1045,06,2055,800060,Colima,COL
1045,07,2055,7755776,Chiapas,CHPS
1045,08,2055,4694951,Chihuahua,CHIH
1045,09,2055,7683669,Ciudad de México,CDMX
1045,10,2055,2068955,Durango,DGO
1045,11,2055,7299025,Guanajuato,GTO
1045,12,2055,3190729,Guerrero,GRO
1045,13,2055,3833364,Hidalgo,HGO
1045,14,2055,10098071,Jalisco,JAL
1045,15,2055,17823394,México,MEX
1045,16,2055,5827051,Michoacán,MICH
1045,17,2055,2101892,Morelos,MOR
1045,18,2055,1554686,Nayarit,NAY
1045,19,2055,8680959,Nuevo León,NL
1045,20,2055,4803923,Oaxaca,OAX
1045,21,2055,8466341,Puebla,PUE
1045,22,2055,3557385,Querétaro,QRO
1045,23,2055,2850280,Quintana Roo,QROO
1045,24,2055,3329538,San Luis Potosí,SLP
1045,25,2055,3347704,Sinaloa,SIN
1045,26,2055,3535302,Sonora,SON
1045,27,2055,2348678,Tabasco,TAB
1045,28,2055,4032176,Tamaulipas,TAM
1045,29,2055,1748788,Tlaxcala,TLAX
1045,30,2055,7021965,Veracruz,VER
1045,31,2055,3060798,Yucatán,YUC
1045,32,2055,1914109,Zacatecas,ZAC
1045,00,2056,146741137,Nacional,Nacional
1045,01,2056,1882259,Aguascalientes,AGS
1045,02,2056,5211251,Baja California,BC
1045,03,2056,1277932,Baja California Sur,BCS
1045,04,2056,938351,Campeche,CAMP
1045,05,2056,4157372,Coahuila,COAH
1045,06,2056,797836,Colima,COL
1045,07,2056,7787976,Chiapas,CHPS
1045,08,2056,4694540,Chihuahua,CHIH
1045,09,2056,7613377,Ciudad de México,CDMX
1045,10,2056,2066009,Durango,DGO
1045,11,2056,7297113,Guanajuato,GTO
1045,12,2056,3167842,Guerrero,GRO
1045,13,2056,3833102,Hidalgo,HGO
1045,14,2056,10099320,Jalisco,JAL
1045,15,2056,17738093,México,MEX
1045,16,2056,5835502,Michoacán,MICH
1045,17,2056,2094126,Morelos,MOR
1045,18,2056,1556267,Nayarit,NAY
1045,19,2056,8723739,Nuevo León,NL
1045,20,2056,4804625,Oaxaca,OAX
1045,21,2056,8480116,Puebla,PUE
1045,22,2056,3568514,Querétaro,QRO
1045,23,2056,2859254,Quintana Roo,QROO
1045,24,2056,3330137,San Luis Potosí,SLP
1045,25,2056,3338572,Sinaloa,SIN
1045,26,2056,3533478,Sonora,SON
1045,27,2056,2335854,Tabasco,TAB
1045,28,2056,4022634,Tamaulipas,TAM
1045,29,2056,1751920,Tlaxcala,TLAX
1045,30,2056,6963564,Veracruz,VER
1045,31,2056,3066432,Yucatán,YUC
1045,32,2056,1914030,Zacatecas,ZAC
1045,00,2057,146568916,Nacional,Nacional
1045,01,2057,1884734,Aguascalientes,AGS
1045,02,2057,5221125,Baja California,BC
1045,03,2057,1283135,Baja California Sur,BCS
1045,04,2057,933879,Campeche,CAMP
1045,05,2057,4164339,Coahuila,COAH
1045,06,2057,795376,Colima,COL
1045,07,2057,7818371,Chiapas,CHPS
1045,08,2057,4692271,Chihuahua,CHIH
1045,09,2057,7541499,Ciudad de México,CDMX
1045,10,2057,2062473,Durango,DGO
1045,11,2057,7293108,Guanajuato,GTO
1045,12,2057,3144368,Guerrero,GRO
1045,13,2057,3831591,Hidalgo,HGO
1045,14,2057,10097629,Jalisco,JAL
1045,15,2057,17648068,México,MEX
1045,16,2057,5842341,Michoacán,MICH
1045,17,2057,2085806,Morelos,MOR
1045,18,2057,1557361,Nayarit,NAY
1045,19,2057,8763939,Nuevo León,NL
1045,20,2057,4804160,Oaxaca,OAX
1045,21,2057,8491653,Puebla,PUE
1045,22,2057,3578292,Querétaro,QRO
1045,23,2057,2867165,Quintana Roo,QROO
1045,24,2057,3329848,San Luis Potosí,SLP
1045,25,2057,3328502,Sinaloa,SIN
1045,26,2057,3530541,Sonora,SON
1045,27,2057,2322546,Tabasco,TAB
1045,28,2057,4011646,Tamaulipas,TAM
1045,29,2057,1754596,Tlaxcala,TLAX
1045,30,2057,6904051,Veracruz,VER
1045,31,2057,3071115,Yucatán,YUC
1045,32,2057,1913388,Zacatecas,ZAC
1045,00,2058,146356973,Nacional,Nacional
1045,01,2058,1886653,Aguascalientes,AGS
1045,02,2058,5229092,Baja California,BC
1045,03,2058,1287884,Baja California Sur,BCS
1045,04,2058,929212,Campeche,CAMP
1045,05,2058,4170118,Coahuila,COAH
1045,06,2058,792729,Colima,COL
1045,07,2058,7846981,Chiapas,CHPS
1045,08,2058,4688224,Chihuahua,CHIH
1045,09,2058,7468170,Ciudad de México,CDMX
1045,10,2058,2058361,Durango,DGO
1045,11,2058,7287098,Guanajuato,GTO
1045,12,2058,3120348,Guerrero,GRO
1045,13,2058,3828848,Hidalgo,HGO
1045,14,2058,10093159,Jalisco,JAL
1045,15,2058,17553484,México,MEX
1045,16,2058,5847678,Michoacán,MICH
1045,17,2058,2076919,Morelos,MOR
1045,18,2058,1557986,Nayarit,NAY
1045,19,2058,8801593,Nuevo León,NL
1045,20,2058,4802572,Oaxaca,OAX
1045,21,2058,8500972,Puebla,PUE
1045,22,2058,3586720,Querétaro,QRO
1045,23,2058,2874017,Quintana Roo,QROO
1045,24,2058,3328701,San Luis Potosí,SLP
1045,25,2058,3317529,Sinaloa,SIN
1045,26,2058,3526521,Sonora,SON
1045,27,2058,2308785,Tabasco,TAB
1045,28,2058,3999295,Tamaulipas,TAM
1045,29,2058,1756799,Tlaxcala,TLAX
1045,30,2058,6843495,Veracruz,VER
1045,31,2058,3074852,Yucatán,YUC
1045,32,2058,1912178,Zacatecas,ZAC
1045,00,2059,146107409,Nacional,Nacional
1045,01,2059,1888037,Aguascalientes,AGS
1045,02,2059,5235243,Baja California,BC
1045,03,2059,1292172,Baja California Sur,BCS
1045,04,2059,924353,Campeche,CAMP
1045,05,2059,4174760,Coahuila,COAH
1045,06,2059,789862,Colima,COL
1045,07,2059,7873867,Chiapas,CHPS
1045,08,2059,4682539,Chihuahua,CHIH
1045,09,2059,7393679,Ciudad de México,CDMX
1045,10,2059,2053726,Durango,DGO
1045,11,2059,7279170,Guanajuato,GTO
1045,12,2059,3095806,Guerrero,GRO
1045,13,2059,3824905,Hidalgo,HGO
1045,14,2059,10086056,Jalisco,JAL
1045,15,2059,17454602,México,MEX
1045,16,2059,5851576,Michoacán,MICH
1045,17,2059,2067505,Morelos,MOR
1045,18,2059,1558178,Nayarit,NAY
1045,19,2059,8836784,Nuevo León,NL
1045,20,2059,4799917,Oaxaca,OAX
1045,21,2059,8508115,Puebla,PUE
1045,22,2059,3593847,Querétaro,QRO
1045,23,2059,2879822,Quintana Roo,QROO
1045,24,2059,3326736,San Luis Potosí,SLP
1045,25,2059,3305690,Sinaloa,SIN
1045,26,2059,3521491,Sonora,SON
1045,27,2059,2294590,Tabasco,TAB
1045,28,2059,3985720,Tamaulipas,TAM
1045,29,2059,1758538,Tlaxcala,TLAX
1045,30,2059,6782023,Veracruz,VER
1045,31,2059,3077655,Yucatán,YUC
1045,32,2059,1910445,Zacatecas,ZAC
1045,00,2060,145822700,Nacional,Nacional
1045,01,2060,1888909,Aguascalientes,AGS
1045,02,2060,5239725,Baja California,BC
1045,03,2060,1296013,Baja California Sur,BCS
1045,04,2060,919288,Campeche,CAMP
1045,05,2060,4178342,Coahuila,COAH
1045,06,2060,786827,Colima,COL
1045,07,2060,7899115,Chiapas,CHPS
1045,08,2060,4675428,Chihuahua,CHIH
1045,09,2060,7318214,Ciudad de México,CDMX
1045,10,2060,2048612,Durango,DGO
1045,11,2060,7269446,Guanajuato,GTO
1045,12,2060,3070840,Guerrero,GRO
1045,13,2060,3819863,Hidalgo,HGO
1045,14,2060,10076421,Jalisco,JAL
1045,15,2060,17351496,México,MEX
1045,16,2060,5854188,Michoacán,MICH
1045,17,2060,2057603,Morelos,MOR
1045,18,2060,1557954,Nayarit,NAY
1045,19,2060,8869543,Nuevo León,NL
1045,20,2060,4796287,Oaxaca,OAX
1045,21,2060,8513178,Puebla,PUE
1045,22,2060,3599686,Querétaro,QRO
1045,23,2060,2884608,Quintana Roo,QROO
1045,24,2060,3324026,San Luis Potosí,SLP
1045,25,2060,3293066,Sinaloa,SIN
1045,26,2060,3515554,Sonora,SON
1045,27,2060,2280012,Tabasco,TAB
1045,28,2060,3971037,Tamaulipas,TAM
1045,29,2060,1759848,Tlaxcala,TLAX
1045,30,2060,6719747,Veracruz,VER
1045,31,2060,3079526,Yucatán,YUC
1045,32,2060,1908298,Zacatecas,ZAC
1045,00,2061,145505553,Nacional,Nacional
1045,01,2061,1889273,Aguascalientes,AGS
1045,02,2061,5242698,Baja California,BC
1045,03,2061,1299419,Baja California Sur,BCS
1045,04,2061,914060,Campeche,CAMP
1045,05,2061,4180928,Coahuila,COAH
1045,06,2061,783609,Colima,COL
1045,07,2061,7922804,Chiapas,CHPS
1045,08,2061,4667053,Chihuahua,CHIH
1045,09,2061,7242099,Ciudad de México,CDMX
1045,10,2061,2043109,Durango,DGO
1045,11,2061,7258023,Guanajuato,GTO
1045,12,2061,3045509,Guerrero,GRO
1045,13,2061,3813759,Hidalgo,HGO
1045,14,2061,10064472,Jalisco,JAL
1045,15,2061,17244465,México,MEX
1045,16,2061,5855640,Michoacán,MICH
1045,17,2061,2047242,Morelos,MOR
1045,18,2061,1557379,Nayarit,NAY
1045,19,2061,8899965,Nuevo León,NL
1045,20,2061,4791753,Oaxaca,OAX
1045,21,2061,8516227,Puebla,PUE
1045,22,2061,3604295,Querétaro,QRO
1045,23,2061,2888391,Quintana Roo,QROO
1045,24,2061,3320641,San Luis Potosí,SLP
1045,25,2061,3279715,Sinaloa,SIN
1045,26,2061,3508791,Sonora,SON
1045,27,2061,2265060,Tabasco,TAB
1045,28,2061,3955385,Tamaulipas,TAM
1045,29,2061,1760711,Tlaxcala,TLAX
1045,30,2061,6656788,Veracruz,VER
1045,31,2061,3080530,Yucatán,YUC
1045,32,2061,1905760,Zacatecas,ZAC
1045,00,2062,145158569,Nacional,Nacional
1045,01,2062,1889189,Aguascalientes,AGS
1045,02,2062,5244300,Baja California,BC
1045,03,2062,1302388,Baja California Sur,BCS
1045,04,2062,908658,Campeche,CAMP
1045,05,2062,4182570,Coahuila,COAH
1045,06,2062,780238,Colima,COL
1045,07,2062,7945009,Chiapas,CHPS
1045,08,2062,4657613,Chihuahua,CHIH
1045,09,2062,7165561,Ciudad de México,CDMX
1045,10,2062,2037240,Durango,DGO
1045,11,2062,7245069,Guanajuato,GTO
1045,12,2062,3019883,Guerrero,GRO
1045,13,2062,3806650,Hidalgo,HGO
1045,14,2062,10050392,Jalisco,JAL
1045,15,2062,17133742,México,MEX
1045,16,2062,5856063,Michoacán,MICH
1045,17,2062,2036454,Morelos,MOR
1045,18,2062,1556462,Nayarit,NAY
1045,19,2062,8928152,Nuevo León,NL
1045,20,2062,4786431,Oaxaca,OAX
1045,21,2062,8517324,Puebla,PUE
1045,22,2062,3607700,Querétaro,QRO
1045,23,2062,2891189,Quintana Roo,QROO
1045,24,2062,3316622,San Luis Potosí,SLP
1045,25,2062,3265702,Sinaloa,SIN
1045,26,2062,3501307,Sonora,SON
1045,27,2062,2249753,Tabasco,TAB
1045,28,2062,3938907,Tamaulipas,TAM
1045,29,2062,1761162,Tlaxcala,TLAX
1045,30,2062,6593245,Veracruz,VER
1045,31,2062,3080665,Yucatán,YUC
1045,32,2062,1902929,Zacatecas,ZAC
1045,00,2063,144784066,Nacional,Nacional
1045,01,2063,1888644,Aguascalientes,AGS
1045,02,2063,5244651,Baja California,BC
1045,03,2063,1304939,Baja California Sur,BCS
1045,04,2063,903105,Campeche,CAMP
1045,05,2063,4183330,Coahuila,COAH
1045,06,2063,776733,Colima,COL
1045,07,2063,7965820,Chiapas,CHPS
1045,08,2063,4647280,Chihuahua,CHIH
1045,09,2063,7088816,Ciudad de México,CDMX
1045,10,2063,2031054,Durango,DGO
1045,11,2063,7230680,Guanajuato,GTO
1045,12,2063,2994020,Guerrero,GRO
1045,13,2063,3798596,Hidalgo,HGO
1045,14,2063,10034294,Jalisco,JAL
1045,15,2063,17019495,México,MEX
1045,16,2063,5855594,Michoacán,MICH
1045,17,2063,2025270,Morelos,MOR
1045,18,2063,1555234,Nayarit,NAY
1045,19,2063,8954197,Nuevo León,NL
1045,20,2063,4780353,Oaxaca,OAX
1045,21,2063,8516588,Puebla,PUE
1045,22,2063,3609938,Querétaro,QRO
1045,23,2063,2893038,Quintana Roo,QROO
1045,24,2063,3312036,San Luis Potosí,SLP
1045,25,2063,3251054,Sinaloa,SIN
1045,26,2063,3493183,Sonora,SON
1045,27,2063,2234135,Tabasco,TAB
1045,28,2063,3921745,Tamaulipas,TAM
1045,29,2063,1761199,Tlaxcala,TLAX
1045,30,2063,6529240,Veracruz,VER
1045,31,2063,3079966,Yucatán,YUC
1045,32,2063,1899839,Zacatecas,ZAC
1045,00,2064,144383681,Nacional,Nacional
1045,01,2064,1887674,Aguascalientes,AGS
1045,02,2064,5243825,Baja California,BC
1045,03,2064,1307071,Baja California Sur,BCS
1045,04,2064,897403,Campeche,CAMP
1045,05,2064,4183262,Coahuila,COAH
1045,06,2064,773068,Colima,COL
1045,07,2064,7985320,Chiapas,CHPS
1045,08,2064,4636107,Chihuahua,CHIH
1045,09,2064,7012002,Ciudad de México,CDMX
1045,10,2064,2024582,Durango,DGO
1045,11,2064,7214934,Guanajuato,GTO
1045,12,2064,2967985,Guerrero,GRO
1045,13,2064,3789629,Hidalgo,HGO
1045,14,2064,10016337,Jalisco,JAL
1045,15,2064,16901943,México,MEX
1045,16,2064,5854285,Michoacán,MICH
1045,17,2064,2013713,Morelos,MOR
1045,18,2064,1553719,Nayarit,NAY
1045,19,2064,8978155,Nuevo León,NL
1045,20,2064,4773598,Oaxaca,OAX
1045,21,2064,8514053,Puebla,PUE
1045,22,2064,3611041,Querétaro,QRO
1045,23,2064,2893941,Quintana Roo,QROO
1045,24,2064,3306917,San Luis Potosí,SLP
1045,25,2064,3235820,Sinaloa,SIN
1045,26,2064,3484456,Sonora,SON
1045,27,2064,2218202,Tabasco,TAB
1045,28,2064,3903958,Tamaulipas,TAM
1045,29,2064,1760837,Tlaxcala,TLAX
1045,30,2064,6464842,Veracruz,VER
1045,31,2064,3078462,Yucatán,YUC
1045,32,2064,1896540,Zacatecas,ZAC
1045,00,2065,143958301,Nacional,Nacional
1045,01,2065,1886266,Aguascalientes,AGS
1045,02,2065,5241868,Baja California,BC
1045,03,2065,1308808,Baja California Sur,BCS
1045,04,2065,891565,Campeche,CAMP
1045,05,2065,4182384,Coahuila,COAH
1045,06,2065,769288,Colima,COL
1045,07,2065,8003499,Chiapas,CHPS
1045,08,2065,4624139,Chihuahua,CHIH
1045,09,2065,6935213,Ciudad de México,CDMX
1045,10,2065,2017842,Durango,DGO
1045,11,2065,7197865,Guanajuato,GTO
1045,12,2065,2941777,Guerrero,GRO
1045,13,2065,3779783,Hidalgo,HGO
1045,14,2065,9996529,Jalisco,JAL
1045,15,2065,16781168,México,MEX
1045,16,2065,5852191,Michoacán,MICH
1045,17,2065,2001789,Morelos,MOR
1045,18,2065,1551909,Nayarit,NAY
1045,19,2065,9000073,Nuevo León,NL
1045,20,2065,4766178,Oaxaca,OAX
1045,21,2065,8509768,Puebla,PUE
1045,22,2065,3611011,Querétaro,QRO
1045,23,2065,2893921,Quintana Roo,QROO
1045,24,2065,3301292,San Luis Potosí,SLP
1045,25,2065,3220028,Sinaloa,SIN
1045,26,2065,3475152,Sonora,SON
1045,27,2065,2202018,Tabasco,TAB
1045,28,2065,3885582,Tamaulipas,TAM
1045,29,2065,1760096,Tlaxcala,TLAX
1045,30,2065,6400108,Veracruz,VER
1045,31,2065,3076161,Yucatán,YUC
1045,32,2065,1893030,Zacatecas,ZAC
1045,00,2066,143507972,Nacional,Nacional
1045,01,2066,1884455,Aguascalientes,AGS
1045,02,2066,5238767,Baja California,BC
1045,03,2066,1310119,Baja California Sur,BCS
1045,04,2066,885592,Campeche,CAMP
1045,05,2066,4180682,Coahuila,COAH
1045,06,2066,765370,Colima,COL
1045,07,2066,8020362,Chiapas,CHPS
1045,08,2066,4611378,Chihuahua,CHIH
1045,09,2066,6858398,Ciudad de México,CDMX
1045,10,2066,2010826,Durango,DGO
1045,11,2066,7179486,Guanajuato,GTO
1045,12,2066,2915413,Guerrero,GRO
1045,13,2066,3769045,Hidalgo,HGO
1045,14,2066,9974894,Jalisco,JAL
1045,15,2066,16657336,México,MEX
1045,16,2066,5849275,Michoacán,MICH
1045,17,2066,1989521,Morelos,MOR
1045,18,2066,1549825,Nayarit,NAY
1045,19,2066,9019945,Nuevo León,NL
1045,20,2066,4758051,Oaxaca,OAX
1045,21,2066,8503736,Puebla,PUE
1045,22,2066,3609877,Querétaro,QRO
1045,23,2066,2893027,Quintana Roo,QROO
1045,24,2066,3295140,San Luis Potosí,SLP
1045,25,2066,3203675,Sinaloa,SIN
1045,26,2066,3465255,Sonora,SON
1045,27,2066,2185552,Tabasco,TAB
1045,28,2066,3866599,Tamaulipas,TAM
1045,29,2066,1758963,Tlaxcala,TLAX
1045,30,2066,6335045,Veracruz,VER
1045,31,2066,3073061,Yucatán,YUC
1045,32,2066,1889302,Zacatecas,ZAC
1045,00,2067,143032072,Nacional,Nacional
1045,01,2067,1882203,Aguascalientes,AGS
1045,02,2067,5234449,Baja California,BC
1045,03,2067,1311061,Baja California Sur,BCS
1045,04,2067,879509,Campeche,CAMP
1045,05,2067,4178138,Coahuila,COAH
1045,06,2067,761322,Colima,COL
1045,07,2067,8035902,Chiapas,CHPS
1045,08,2067,4597702,Chihuahua,CHIH
1045,09,2067,6781472,Ciudad de México,CDMX
1045,10,2067,2003518,Durango,DGO
1045,11,2067,7159753,Guanajuato,GTO
1045,12,2067,2888857,Guerrero,GRO
1045,13,2067,3757384,Hidalgo,HGO
1045,14,2067,9951367,Jalisco,JAL
1045,15,2067,16530583,México,MEX
1045,16,2067,5845464,Michoacán,MICH
1045,17,2067,1976881,Morelos,MOR
1045,18,2067,1547421,Nayarit,NAY
1045,19,2067,9037745,Nuevo León,NL
1045,20,2067,4749203,Oaxaca,OAX
1045,21,2067,8495942,Puebla,PUE
1045,22,2067,3607655,Querétaro,QRO
1045,23,2067,2891255,Quintana Roo,QROO
1045,24,2067,3288438,San Luis Potosí,SLP
1045,25,2067,3186770,Sinaloa,SIN
1045,26,2067,3454707,Sonora,SON
1045,27,2067,2168837,Tabasco,TAB
1045,28,2067,3846962,Tamaulipas,TAM
1045,29,2067,1757446,Tlaxcala,TLAX
1045,30,2067,6269657,Veracruz,VER
1045,31,2067,3069169,Yucatán,YUC
1045,32,2067,1885300,Zacatecas,ZAC
1045,00,2068,142529549,Nacional,Nacional
1045,01,2068,1879501,Aguascalientes,AGS
1045,02,2068,5228818,Baja California,BC
1045,03,2068,1311591,Baja California Sur,BCS
1045,04,2068,873275,Campeche,CAMP
1045,05,2068,4174737,Coahuila,COAH
1045,06,2068,757124,Colima,COL
1045,07,2068,8050118,Chiapas,CHPS
1045,08,2068,4582981,Chihuahua,CHIH
1045,09,2068,6704276,Ciudad de México,CDMX
1045,10,2068,1995867,Durango,DGO
1045,11,2068,7138636,Guanajuato,GTO
1045,12,2068,2862081,Guerrero,GRO
1045,13,2068,3744793,Hidalgo,HGO
1045,14,2068,9925869,Jalisco,JAL
1045,15,2068,16400979,México,MEX
1045,16,2068,5840658,Michoacán,MICH
1045,17,2068,1963903,Morelos,MOR
1045,18,2068,1544724,Nayarit,NAY
1045,19,2068,9053484,Nuevo León,NL
1045,20,2068,4739547,Oaxaca,OAX
1045,21,2068,8486385,Puebla,PUE
1045,22,2068,3604320,Querétaro,QRO
1045,23,2068,2888611,Quintana Roo,QROO
1045,24,2068,3281143,San Luis Potosí,SLP
1045,25,2068,3169269,Sinaloa,SIN
1045,26,2068,3443469,Sonora,SON
1045,27,2068,2151879,Tabasco,TAB
1045,28,2068,3826580,Tamaulipas,TAM
1045,29,2068,1755564,Tlaxcala,TLAX
1045,30,2068,6203910,Veracruz,VER
1045,31,2068,3064460,Yucatán,YUC
1045,32,2068,1880997,Zacatecas,ZAC
1045,00,2069,141999271,Nacional,Nacional
1045,01,2069,1876351,Aguascalientes,AGS
1045,02,2069,5221794,Baja California,BC
1045,03,2069,1311731,Baja California Sur,BCS
1045,04,2069,866924,Campeche,CAMP
1045,05,2069,4170440,Coahuila,COAH
1045,06,2069,752785,Colima,COL
1045,07,2069,8062967,Chiapas,CHPS
1045,08,2069,4567093,Chihuahua,CHIH
1045,09,2069,6626630,Ciudad de México,CDMX
1045,10,2069,1987832,Durango,DGO
1045,11,2069,7116060,Guanajuato,GTO
1045,12,2069,2835049,Guerrero,GRO
1045,13,2069,3731261,Hidalgo,HGO
1045,14,2069,9898312,Jalisco,JAL
1045,15,2069,16268616,México,MEX
1045,16,2069,5834770,Michoacán,MICH
1045,17,2069,1950542,Morelos,MOR
1045,18,2069,1541674,Nayarit,NAY
1045,19,2069,9067103,Nuevo León,NL
1045,20,2069,4729059,Oaxaca,OAX
1045,21,2069,8475041,Puebla,PUE
1045,22,2069,3599868,Querétaro,QRO
1045,23,2069,2885097,Quintana Roo,QROO
1045,24,2069,3273211,San Luis Potosí,SLP
1045,25,2069,3151149,Sinaloa,SIN
1045,26,2069,3431459,Sonora,SON
1045,27,2069,2134670,Tabasco,TAB
1045,28,2069,3805393,Tamaulipas,TAM
1045,29,2069,1753296,Tlaxcala,TLAX
1045,30,2069,6137784,Veracruz,VER
1045,31,2069,3058956,Yucatán,YUC
1045,32,2069,1876354,Zacatecas,ZAC
1045,00,2070,141440479,Nacional,Nacional
1045,01,2070,1872739,Aguascalientes,AGS
1045,02,2070,5213291,Baja California,BC
1045,03,2070,1311473,Baja California Sur,BCS
1045,04,2070,860467,Campeche,CAMP
1045,05,2070,4165245,Coahuila,COAH
1045,06,2070,748300,Colima,COL
1045,07,2070,8074413,Chiapas,CHPS
1045,08,2070,4549923,Chihuahua,CHIH
1045,09,2070,6548490,Ciudad de México,CDMX
1045,10,2070,1979415,Durango,DGO
1045,11,2070,7091981,Guanajuato,GTO
1045,12,2070,2807732,Guerrero,GRO
1045,13,2070,3716743,Hidalgo,HGO
1045,14,2070,9868590,Jalisco,JAL
1045,15,2070,16133593,México,MEX
1045,16,2070,5827714,Michoacán,MICH
1045,17,2070,1936800,Morelos,MOR
1045,18,2070,1538260,Nayarit,NAY
1045,19,2070,9078596,Nuevo León,NL
1045,20,2070,4717670,Oaxaca,OAX
1045,21,2070,8461898,Puebla,PUE
1045,22,2070,3594319,Querétaro,QRO
1045,23,2070,2880770,Quintana Roo,QROO
1045,24,2070,3264605,San Luis Potosí,SLP
1045,25,2070,3132411,Sinaloa,SIN
1045,26,2070,3418627,Sonora,SON
1045,27,2070,2117236,Tabasco,TAB
1045,28,2070,3783319,Tamaulipas,TAM
1045,29,2070,1750670,Tlaxcala,TLAX
1045,30,2070,6071245,Veracruz,VER
1045,31,2070,3052634,Yucatán,YUC
1045,32,2070,1871310,Zacatecas,ZAC
